anio_inscripcion,matricula,sexo,nacionalidad,lugar_nacimiento,fecha_nacimiento,tipo_ingreso,colonia,escuela_procedencia,ubicacion_escuela_procedencia,nivel,carrera,turno,ciclo
2019,UVA20197292,F,NA,Mérida,1999-05-14,Repetidor,Centro,Conalep Mérida,Tizimín,Licenciatura,Lic. en Fisioterapia,Vespertino,2024-B
2019,UVA20196289,F,Mexicana,Mérida,2005-12-11,Reinscrito,NA,Cbtis 95,"Mérida, Yucatán",Ingeniería,Lic. en Fisioterapia,Matutino,Enero-Junio
2019,UVA20199768,F,NA,Cancún,1999-09-17,Equivalencia,Centro,Cbtis 95,Kanasín,Ingeniería,Lic. en Enfermería,Matutino,Enero-Junio
2019,UVA20193972,M,NA,NA,1997-09-09,Nuevo,NA,Preparatoria Estatal No. 1,Tizimín,Licenciatura,Lic. en Odontología,Vespertino,Agosto-Diciembre
2019,UVA20194719,M,Mexicana,Valladolid,2005-04-11,Repetidor,NA,Cbtis 95,Tizimín,Ingeniería,Lic. en Educación,Matutino,Enero-Junio
2019,UVA20191419,NA,Mexicana,Cancún,2005-01-09,Equivalencia,Centro,NA,Umán,Ingeniería,Lic. en Nutrición,Matutino,2024-B
2019,UVA20197574,NA,Mexicana,Valladolid,1999-03-25,Nuevo,Centro,NA,Umán,Ingeniería,Lic. en Diseño De Modas,Vespertino,Agosto-Diciembre
2019,UVA20195593,M,Mexicana,Mérida,2004-03-07,Equivalencia,Centro,Cbtis 95,Kanasín,Licenciatura,Lic. en Arquitectura,Matutino,2024-B
2019,UVA20193162,M,Mexicana,Mérida,1996-12-09,Equivalencia,Centro,Conalep Mérida,Umán,Ingeniería,Lic. en Educación,Vespertino,2023-A
2019,UVA20193807,F,Mexicana,NA,2000-10-19,Reinscrito,Francisco De Montejo,NA,Umán,Licenciatura,Lic. en Derecho,Vespertino,Agosto-Diciembre
2019,UVA20199728,F,Mexicana,Tizimín,1995-04-05,Reinscrito,Francisco De Montejo,NA,Tizimín,Ingeniería,Lic. en Contabilidad,Matutino,2023-A
2019,UVA20199089,NA,NA,NA,1997-03-10,Repetidor,NA,Preparatoria Estatal No. 1,"Mérida, Yucatán",Ingeniería,Lic. en Fisioterapia,Matutino,Enero-Junio
2019,UVA20191435,NA,NA,Valladolid,2004-04-27,Repetidor,Chuburná,Cbtis 95,"Mérida, Yucatán",Licenciatura,Lic. en Arquitectura,Matutino,Enero-Junio
2019,UVA20199574,F,NA,Cancún,1999-02-14,Nuevo,NA,Cbtis 95,NA,Ingeniería,Lic. en Odontología,Vespertino,2024-B
2019,UVA20191949,F,NA,NA,2003-10-24,Reinscrito,Chuburná,Cbtis 95,"Mérida, Yucatán",Ingeniería,Ing. Civil,Matutino,2023-A
2019,UVA20191166,NA,Mexicana,Mérida,2001-08-31,Nuevo,Chuburná,Conalep Mérida,NA,Licenciatura,Lic. en Fisioterapia,Vespertino,2023-A
2019,UVA20199118,M,Mexicana,Valladolid,2002-12-20,Nuevo,Centro,NA,"Mérida, Yucatán",Ingeniería,Lic. en Contabilidad,Vespertino,Agosto-Diciembre
2019,UVA20195068,F,Mexicana,NA,1998-01-14,Repetidor,Centro,Cbtis 95,NA,Licenciatura,Lic. en Educación,Matutino,2023-A
2019,UVA20193401,F,Mexicana,Mérida,2001-07-12,Reinscrito,Chuburná,NA,Tizimín,Licenciatura,Ing. en Procesos De Manufactura,Vespertino,Agosto-Diciembre
2019,UVA20198322,F,Mexicana,Valladolid,1995-01-15,Nuevo,Francisco De Montejo,Conalep Mérida,"Mérida, Yucatán",Licenciatura,Lic. en Educación,Matutino,Enero-Junio
2019,UVA20197564,F,NA,Mérida,1996-12-24,Equivalencia,Centro,NA,Tizimín,Ingeniería,Lic. en Contabilidad,Matutino,Enero-Junio
2019,UVA20192743,M,NA,NA,1998-05-08,Repetidor,Itzimná,Preparatoria Estatal No. 1,NA,Licenciatura,Lic. en Diseño De Modas,Matutino,Agosto-Diciembre
2019,UVA20198597,F,Mexicana,Tizimín,1995-09-10,Nuevo,NA,Cbtis 95,NA,Ingeniería,Lic. en Psicología,Vespertino,Agosto-Diciembre
2019,UVA20194593,M,NA,Cancún,2002-06-03,Equivalencia,Francisco De Montejo,NA,"Mérida, Yucatán",Licenciatura,Lic. en Derecho,Matutino,Agosto-Diciembre
2019,UVA20196201,F,Mexicana,Valladolid,1999-10-21,Nuevo,NA,NA,Kanasín,Licenciatura,Ing. en Procesos De Manufactura,Vespertino,2023-A
2019,UVA20199073,F,Mexicana,NA,1999-03-14,Nuevo,Chuburná,Preparatoria Estatal No. 1,Kanasín,Licenciatura,Lic. en Criminología,Matutino,2023-A
2019,UVA20194462,NA,NA,NA,1996-12-06,Repetidor,Chuburná,Cbtis 95,Umán,Licenciatura,Lic. en Enfermería,Matutino,2023-A
2019,UVA20196547,M,Mexicana,Mérida,2003-10-16,Reinscrito,NA,Prepa Abierta,Umán,Ingeniería,Lic. en Gastronomía,Vespertino,Agosto-Diciembre
2019,UVA20195808,F,Mexicana,Cancún,2004-08-21,Repetidor,Centro,NA,"Mérida, Yucatán",Ingeniería,Lic. en Nutrición,Matutino,Enero-Junio
2019,UVA20198734,NA,Mexicana,Cancún,1999-10-20,Equivalencia,Chuburná,NA,"Mérida, Yucatán",Licenciatura,Ing. Civil,Matutino,2023-A
2019,UVA20196019,M,Mexicana,NA,1997-03-20,Reinscrito,NA,NA,"Mérida, Yucatán",Licenciatura,Lic. en Fisioterapia,Matutino,Enero-Junio
2019,UVA20199167,M,Mexicana,Valladolid,1999-03-06,Equivalencia,Centro,Prepa Abierta,Tizimín,Ingeniería,Ing. Civil,Matutino,2024-B
2019,UVA20192007,F,Mexicana,NA,2001-12-31,Repetidor,NA,Cbtis 95,Tizimín,Ingeniería,Lic. en Educación,Vespertino,2023-A
2019,UVA20194702,F,Mexicana,Cancún,2002-07-20,Reinscrito,Centro,Conalep Mérida,Kanasín,Licenciatura,Ing. en Procesos De Manufactura,Vespertino,2023-A
2019,UVA20192726,F,Mexicana,Tizimín,2003-03-24,Reinscrito,NA,NA,"Mérida, Yucatán",Licenciatura,Lic. en Diseño De Modas,Matutino,Agosto-Diciembre
2019,UVA20192300,F,NA,Tizimín,2001-04-29,Repetidor,Centro,Cbtis 95,Umán,Licenciatura,Lic. en Educación,Vespertino,2023-A
2019,UVA20193671,F,Mexicana,Valladolid,2003-02-22,Nuevo,Chuburná,Prepa Abierta,Tizimín,Ingeniería,Ing. Civil,Matutino,Enero-Junio
2019,UVA20191138,M,Mexicana,Valladolid,2001-08-11,Reinscrito,Francisco De Montejo,NA,Umán,Ingeniería,Lic. en Gastronomía,Vespertino,Enero-Junio
2019,UVA20195300,F,NA,Valladolid,2001-10-07,Reinscrito,NA,NA,Kanasín,Ingeniería,Lic. en Gastronomía,Vespertino,Agosto-Diciembre
2019,UVA20192241,F,Mexicana,NA,1996-08-30,Nuevo,Centro,Preparatoria Estatal No. 1,NA,Licenciatura,Ing. Civil,Matutino,2024-B
2019,UVA20199218,M,Mexicana,Mérida,2002-03-22,Nuevo,Centro,Prepa Abierta,"Mérida, Yucatán",Ingeniería,Ing. Civil,Matutino,Enero-Junio
2019,UVA20199166,M,Mexicana,Cancún,1999-12-14,Equivalencia,NA,Cbtis 95,"Mérida, Yucatán",Licenciatura,Lic. en Fisioterapia,Matutino,Agosto-Diciembre
2019,UVA20192028,F,Mexicana,Mérida,2004-02-29,Nuevo,Itzimná,NA,NA,Ingeniería,Lic. en Diseño De Modas,Matutino,2023-A
2019,UVA20199748,F,NA,Mérida,2002-03-19,Reinscrito,Itzimná,NA,Umán,Ingeniería,Lic. en Fisioterapia,Matutino,Enero-Junio
2019,UVA20198969,M,Mexicana,Cancún,2002-11-02,Equivalencia,Centro,Preparatoria Estatal No. 1,Kanasín,Licenciatura,Lic. en Odontología,Vespertino,Agosto-Diciembre
2019,UVA20196764,F,Mexicana,Tizimín,2001-11-12,Reinscrito,Francisco De Montejo,Prepa Abierta,Umán,Licenciatura,Lic. en Admin. De Empresas,Vespertino,Enero-Junio
2019,UVA20191027,F,Mexicana,NA,2004-08-31,Equivalencia,Francisco De Montejo,Preparatoria Estatal No. 1,Umán,Ingeniería,Ing. Civil,Matutino,2023-A
2019,UVA20194879,NA,Mexicana,Mérida,1996-12-30,Equivalencia,Centro,Cbtis 95,Kanasín,Licenciatura,Lic. en Contabilidad,Matutino,Agosto-Diciembre
2019,UVA20198162,F,Mexicana,NA,1997-06-30,Reinscrito,Centro,NA,NA,Licenciatura,Ing. en Procesos De Manufactura,Matutino,2024-B
2019,UVA20199203,M,NA,Valladolid,2001-06-18,Nuevo,Centro,NA,NA,Ingeniería,Lic. en Contabilidad,Matutino,Enero-Junio
2019,UVA20193032,M,Mexicana,Cancún,1996-11-05,Repetidor,Francisco De Montejo,Cbtis 95,Tizimín,Licenciatura,Lic. en Educación,Matutino,2023-A
2019,UVA20191043,NA,Mexicana,Tizimín,2005-11-26,Repetidor,Centro,Preparatoria Estatal No. 1,Tizimín,Licenciatura,Lic. en Contabilidad,Matutino,Enero-Junio
2019,UVA20197270,F,NA,Mérida,2000-09-27,Repetidor,Chuburná,Prepa Abierta,Umán,Ingeniería,Lic. en Gastronomía,Vespertino,Enero-Junio
2019,UVA20193569,F,Mexicana,Mérida,2001-08-04,Reinscrito,Chuburná,NA,"Mérida, Yucatán",Ingeniería,Lic. en Gastronomía,Vespertino,2023-A
2019,UVA20191264,M,Mexicana,Valladolid,2000-08-11,Nuevo,Centro,Cbtis 95,NA,Licenciatura,Lic. en Admin. De Empresas,Matutino,2023-A
2019,UVA20199485,M,Mexicana,Cancún,1998-06-01,Repetidor,Chuburná,Cbtis 95,NA,Licenciatura,Lic. en Gastronomía,Vespertino,2023-A
2019,UVA20194870,F,NA,Tizimín,2000-06-06,Reinscrito,Chuburná,Cbtis 95,"Mérida, Yucatán",Ingeniería,Lic. en Contabilidad,Matutino,Agosto-Diciembre
2019,UVA20191382,F,Mexicana,Tizimín,2004-02-10,Repetidor,Centro,NA,Kanasín,Licenciatura,Lic. en Nutrición,Matutino,2023-A
2019,UVA20194548,F,NA,Tizimín,2005-03-15,Reinscrito,Centro,NA,"Mérida, Yucatán",Licenciatura,Lic. en Arquitectura,Matutino,Agosto-Diciembre
2019,UVA20194484,M,Mexicana,Cancún,2001-10-22,Reinscrito,Chuburná,NA,Umán,Ingeniería,Lic. en Psicología,Matutino,Agosto-Diciembre
2019,UVA20194973,NA,Mexicana,NA,2004-12-04,Repetidor,Centro,NA,Umán,Ingeniería,Lic. en Arquitectura,Vespertino,Agosto-Diciembre
2019,UVA20199809,F,Mexicana,Valladolid,1999-01-14,Repetidor,Itzimná,NA,Umán,Licenciatura,Lic. en Contabilidad,Matutino,2023-A
2019,UVA20191673,F,Mexicana,Tizimín,1995-09-28,Equivalencia,Centro,NA,Tizimín,Licenciatura,Ing. Civil,Vespertino,2023-A
2019,UVA20191175,M,Mexicana,Mérida,1995-02-17,Repetidor,Centro,NA,"Mérida, Yucatán",Licenciatura,Ing. Civil,Matutino,Agosto-Diciembre
2019,UVA20191587,F,NA,Mérida,2004-11-08,Equivalencia,Chuburná,Conalep Mérida,Umán,Ingeniería,Lic. en Psicología,Matutino,2024-B
2019,UVA20192823,NA,Mexicana,Mérida,2005-06-30,Reinscrito,Centro,Conalep Mérida,NA,Licenciatura,Lic. en Psicología,Vespertino,2024-B
2019,UVA20192588,M,Mexicana,Valladolid,1998-04-06,Repetidor,Francisco De Montejo,Cbtis 95,Umán,Ingeniería,Lic. en Derecho,Vespertino,2024-B
2019,UVA20197370,F,Mexicana,Mérida,1997-08-19,Repetidor,Centro,Cbtis 95,NA,Ingeniería,Lic. en Gastronomía,Vespertino,Enero-Junio
2019,UVA20198034,F,NA,Cancún,1997-02-22,Equivalencia,Centro,Cbtis 95,"Mérida, Yucatán",Ingeniería,Lic. en Diseño De Modas,Vespertino,2024-B
2019,UVA20194942,NA,Mexicana,Tizimín,1998-10-18,Nuevo,Centro,Prepa Abierta,NA,Licenciatura,Lic. en Psicología,Vespertino,Agosto-Diciembre
2019,UVA20199907,F,Mexicana,Cancún,1996-07-17,Nuevo,Chuburná,Preparatoria Estatal No. 1,NA,Licenciatura,Lic. en Odontología,Vespertino,Enero-Junio
2019,UVA20196239,M,Mexicana,Cancún,2002-07-14,Equivalencia,NA,Cbtis 95,"Mérida, Yucatán",Ingeniería,Lic. en Diseño De Modas,Matutino,Agosto-Diciembre
2019,UVA20194118,F,Mexicana,NA,1995-10-26,Reinscrito,Centro,Prepa Abierta,Umán,Ingeniería,Lic. en Criminología,Matutino,Enero-Junio
2019,UVA20192519,F,Mexicana,Cancún,2001-10-07,Repetidor,Centro,Preparatoria Estatal No. 1,NA,Ingeniería,Lic. en Psicología,Vespertino,Enero-Junio
2019,UVA20191802,F,NA,Cancún,1996-05-17,Repetidor,Chuburná,Preparatoria Estatal No. 1,Umán,Licenciatura,Lic. en Odontología,Vespertino,2023-A
2019,UVA20192364,M,NA,Cancún,2003-12-23,Repetidor,NA,Cbtis 95,Tizimín,Ingeniería,Ing. Civil,Matutino,2023-A
2019,UVA20196235,NA,NA,Cancún,2005-09-07,Nuevo,Centro,Conalep Mérida,Kanasín,Licenciatura,Lic. en Odontología,Vespertino,2024-B
2019,UVA20192443,F,NA,Tizimín,2000-10-06,Equivalencia,Centro,NA,"Mérida, Yucatán",Licenciatura,Lic. en Contabilidad,Vespertino,2023-A
2019,UVA20195513,F,Mexicana,Tizimín,1999-12-07,Equivalencia,Centro,Prepa Abierta,Tizimín,Ingeniería,Lic. en Contabilidad,Matutino,Agosto-Diciembre
2019,UVA20194293,M,Mexicana,Tizimín,1997-08-09,Repetidor,Chuburná,Conalep Mérida,Tizimín,Licenciatura,Ing. en Procesos De Manufactura,Matutino,2024-B
2019,UVA20199026,F,Mexicana,Tizimín,2003-03-14,Reinscrito,Itzimná,NA,"Mérida, Yucatán",Licenciatura,Lic. en Derecho,Matutino,Enero-Junio
2019,UVA20193121,M,NA,Cancún,1999-08-29,Reinscrito,Itzimná,Prepa Abierta,Kanasín,Ingeniería,Lic. en Educación,Matutino,2024-B
2019,UVA20194044,M,NA,NA,2005-01-06,Repetidor,Centro,Prepa Abierta,NA,Ingeniería,Lic. en Derecho,Matutino,Agosto-Diciembre
2019,UVA20192185,F,NA,Mérida,1999-08-05,Equivalencia,Centro,Conalep Mérida,NA,Ingeniería,Lic. en Criminología,Vespertino,2023-A
2019,UVA20197479,M,Mexicana,Valladolid,1999-08-30,Repetidor,Itzimná,Conalep Mérida,Kanasín,Ingeniería,Lic. en Admin. De Empresas,Matutino,Enero-Junio
2019,UVA20198956,M,Mexicana,Cancún,2004-01-15,Reinscrito,Itzimná,NA,Kanasín,Ingeniería,Lic. en Admin. De Empresas,Vespertino,2023-A
2019,UVA20195446,F,NA,Tizimín,2002-04-27,Repetidor,NA,Conalep Mérida,Kanasín,Ingeniería,Lic. en Odontología,Matutino,2024-B
2019,UVA20198085,NA,Mexicana,Mérida,2005-12-29,Reinscrito,Centro,Preparatoria Estatal No. 1,Tizimín,Ingeniería,Lic. en Arquitectura,Matutino,2023-A
2019,UVA20192400,M,Mexicana,Cancún,1995-09-09,Reinscrito,Chuburná,Prepa Abierta,Umán,Licenciatura,Ing. Civil,Matutino,2023-A
2019,UVA20196135,M,Mexicana,NA,1995-01-14,Equivalencia,NA,NA,NA,Ingeniería,Lic. en Criminología,Matutino,Enero-Junio
2019,UVA20196712,M,Mexicana,Valladolid,2005-01-03,Equivalencia,Centro,Preparatoria Estatal No. 1,"Mérida, Yucatán",Ingeniería,Lic. en Criminología,Matutino,Enero-Junio
2019,UVA20198849,M,Mexicana,NA,2005-08-28,Nuevo,Centro,Cbtis 95,Umán,Ingeniería,Lic. en Fisioterapia,Vespertino,2024-B
2019,UVA20191507,NA,Mexicana,NA,2003-09-02,Nuevo,Centro,NA,NA,Ingeniería,Lic. en Admin. De Empresas,Matutino,2024-B
2019,UVA20194669,F,Mexicana,Mérida,1999-11-10,Reinscrito,Centro,Cbtis 95,NA,Ingeniería,Ing. Civil,Vespertino,2024-B
2019,UVA20192278,M,Mexicana,Cancún,1996-01-28,Nuevo,Centro,NA,Kanasín,Ingeniería,Lic. en Psicología,Matutino,2023-A
2019,UVA20195602,NA,Mexicana,Mérida,2004-04-26,Repetidor,Centro,Cbtis 95,Kanasín,Ingeniería,Lic. en Admin. De Empresas,Vespertino,Enero-Junio
2019,UVA20192708,M,Mexicana,Tizimín,2003-10-10,Nuevo,NA,Cbtis 95,NA,Ingeniería,Lic. en Psicología,Matutino,Enero-Junio
2019,UVA20193077,M,NA,Tizimín,1999-07-12,Reinscrito,Centro,NA,"Mérida, Yucatán",Ingeniería,Lic. en Odontología,Vespertino,2023-A
2019,UVA20194259,F,NA,Tizimín,1997-05-09,Equivalencia,Centro,Cbtis 95,"Mérida, Yucatán",Licenciatura,Lic. en Odontología,Vespertino,2024-B
2019,UVA20192868,F,Mexicana,Valladolid,2005-05-18,Reinscrito,NA,Preparatoria Estatal No. 1,NA,Ingeniería,Lic. en Odontología,Vespertino,2023-A
2019,UVA20192327,F,Mexicana,Cancún,1995-11-01,Equivalencia,Centro,Prepa Abierta,Umán,Licenciatura,Lic. en Contabilidad,Matutino,2024-B
2019,UVA20198838,M,NA,Valladolid,2003-02-07,Reinscrito,Itzimná,Conalep Mérida,Umán,Licenciatura,Lic. en Nutrición,Vespertino,2024-B
2019,UVA20199220,NA,Mexicana,Valladolid,2000-08-13,Repetidor,Chuburná,Conalep Mérida,NA,Licenciatura,Lic. en Contabilidad,Matutino,Enero-Junio
2019,UVA20199444,F,Mexicana,NA,2004-03-11,Repetidor,Centro,NA,Kanasín,Ingeniería,Lic. en Odontología,Vespertino,Enero-Junio
2019,UVA20192459,NA,Mexicana,Cancún,1997-01-21,Equivalencia,Chuburná,NA,Tizimín,Ingeniería,Lic. en Diseño De Modas,Matutino,Enero-Junio
2019,UVA20197155,M,Mexicana,NA,1998-09-19,Repetidor,Francisco De Montejo,NA,Kanasín,Ingeniería,Lic. en Fisioterapia,Matutino,2023-A
2019,UVA20198868,F,Mexicana,NA,2005-11-12,Nuevo,Centro,Conalep Mérida,"Mérida, Yucatán",Licenciatura,Ing. Civil,Matutino,2023-A
2019,UVA20199522,F,NA,NA,2004-04-17,Equivalencia,Francisco De Montejo,NA,Tizimín,Licenciatura,Lic. en Nutrición,Vespertino,2024-B
2019,UVA20194702,NA,Mexicana,Valladolid,1997-03-14,Repetidor,Itzimná,Cbtis 95,Kanasín,Ingeniería,Lic. en Nutrición,Vespertino,2024-B
2019,UVA20197118,M,Mexicana,Cancún,1999-10-07,Equivalencia,Centro,Conalep Mérida,"Mérida, Yucatán",Ingeniería,Lic. en Educación,Matutino,Agosto-Diciembre
2019,UVA20198622,NA,Mexicana,Cancún,1999-10-27,Repetidor,Centro,NA,Kanasín,Licenciatura,Lic. en Derecho,Matutino,Enero-Junio
2019,UVA20191967,F,NA,Cancún,1998-12-08,Nuevo,Francisco De Montejo,Cbtis 95,Tizimín,Licenciatura,Lic. en Criminología,Matutino,2023-A
2019,UVA20195086,M,NA,Cancún,2005-07-31,Reinscrito,Centro,Preparatoria Estatal No. 1,Umán,Licenciatura,Ing. Civil,Matutino,Enero-Junio
2019,UVA20194643,M,NA,Tizimín,2001-10-01,Reinscrito,NA,Conalep Mérida,Tizimín,Ingeniería,Lic. en Contabilidad,Vespertino,Agosto-Diciembre
2019,UVA20192761,M,Mexicana,Cancún,1996-10-17,Repetidor,Chuburná,Conalep Mérida,"Mérida, Yucatán",Licenciatura,Lic. en Derecho,Vespertino,2024-B
2019,UVA20191626,M,Mexicana,Mérida,1997-11-01,Reinscrito,Centro,Preparatoria Estatal No. 1,Umán,Licenciatura,Lic. en Diseño De Modas,Vespertino,Enero-Junio
2019,UVA20199859,M,Mexicana,Cancún,2005-07-19,Nuevo,Centro,NA,Tizimín,Licenciatura,Ing. Civil,Matutino,2023-A
2019,UVA20198001,F,Mexicana,Tizimín,2002-10-26,Repetidor,Centro,NA,Tizimín,Licenciatura,Lic. en Educación,Matutino,2023-A
2019,UVA20199999,F,Mexicana,Valladolid,2003-08-18,Nuevo,Chuburná,Prepa Abierta,Tizimín,Ingeniería,Ing. Civil,Matutino,Enero-Junio
2019,UVA20198751,M,NA,NA,1997-02-14,Repetidor,Chuburná,Prepa Abierta,"Mérida, Yucatán",Ingeniería,Ing. Civil,Vespertino,Enero-Junio
2019,UVA20191253,F,NA,Valladolid,1996-09-08,Reinscrito,Centro,NA,Tizimín,Licenciatura,Ing. en Procesos De Manufactura,Vespertino,Agosto-Diciembre
2019,UVA20197939,F,Mexicana,Mérida,1998-03-20,Nuevo,Centro,NA,Tizimín,Ingeniería,Lic. en Educación,Matutino,2023-A
2019,UVA20197155,NA,NA,Cancún,2005-05-10,Reinscrito,Francisco De Montejo,Cbtis 95,Umán,Ingeniería,Lic. en Enfermería,Vespertino,2024-B
2019,UVA20194670,M,NA,Valladolid,1995-03-24,Repetidor,Centro,Prepa Abierta,NA,Licenciatura,Lic. en Psicología,Vespertino,Agosto-Diciembre
2019,UVA20192380,M,Mexicana,Tizimín,2003-12-01,Reinscrito,Itzimná,Cbtis 95,Umán,Licenciatura,Lic. en Arquitectura,Vespertino,Agosto-Diciembre
2019,UVA20199731,M,NA,Mérida,2004-12-21,Nuevo,Centro,NA,Tizimín,Licenciatura,Lic. en Enfermería,Matutino,Agosto-Diciembre
2019,UVA20191818,F,Mexicana,NA,1997-08-27,Equivalencia,Centro,Prepa Abierta,Umán,Ingeniería,Lic. en Criminología,Matutino,Enero-Junio
2019,UVA20197281,F,Mexicana,Cancún,2005-04-07,Repetidor,Centro,NA,Tizimín,Licenciatura,Lic. en Gastronomía,Vespertino,Enero-Junio
2019,UVA20191776,M,NA,Cancún,2005-11-28,Equivalencia,Centro,Conalep Mérida,"Mérida, Yucatán",Ingeniería,Lic. en Psicología,Vespertino,Enero-Junio
2019,UVA20193217,F,NA,Cancún,2005-05-11,Equivalencia,NA,Conalep Mérida,Kanasín,Licenciatura,Lic. en Psicología,Vespertino,Agosto-Diciembre
2019,UVA20195647,M,NA,Mérida,2000-07-16,Reinscrito,Francisco De Montejo,Prepa Abierta,Tizimín,Ingeniería,Lic. en Educación,Vespertino,2024-B
2019,UVA20196367,F,Mexicana,Mérida,2002-11-05,Equivalencia,NA,Preparatoria Estatal No. 1,"Mérida, Yucatán",Ingeniería,Lic. en Diseño De Modas,Vespertino,Enero-Junio
2019,UVA20191881,M,Mexicana,Tizimín,1997-01-29,Equivalencia,Centro,NA,Kanasín,Ingeniería,Ing. Civil,Matutino,Agosto-Diciembre
2019,UVA20195233,F,Mexicana,Valladolid,2002-12-06,Equivalencia,Chuburná,Prepa Abierta,NA,Licenciatura,Lic. en Derecho,Vespertino,2023-A
2019,UVA20198542,M,Mexicana,Mérida,2002-06-20,Equivalencia,Centro,NA,Umán,Ingeniería,Lic. en Admin. De Empresas,Matutino,2023-A
2019,UVA20193140,F,Mexicana,NA,2003-12-31,Reinscrito,NA,NA,"Mérida, Yucatán",Licenciatura,Lic. en Nutrición,Vespertino,2024-B
2019,UVA20196834,NA,Mexicana,Tizimín,2004-10-28,Repetidor,Centro,NA,"Mérida, Yucatán",Licenciatura,Lic. en Nutrición,Matutino,Enero-Junio
2019,UVA20192685,F,NA,Mérida,1995-06-14,Equivalencia,Itzimná,NA,"Mérida, Yucatán",Licenciatura,Lic. en Arquitectura,Vespertino,Agosto-Diciembre
2019,UVA20191667,M,Mexicana,Cancún,1998-02-06,Repetidor,Francisco De Montejo,NA,"Mérida, Yucatán",Licenciatura,Lic. en Nutrición,Matutino,Enero-Junio
2019,UVA20194423,NA,NA,Valladolid,1999-01-31,Repetidor,Centro,NA,NA,Licenciatura,Ing. Civil,Matutino,Enero-Junio
2019,UVA20195021,F,NA,Mérida,1996-06-22,Nuevo,Francisco De Montejo,Conalep Mérida,Kanasín,Licenciatura,Ing. Civil,Matutino,2024-B
2019,UVA20199889,F,Mexicana,Tizimín,2005-09-12,Repetidor,Francisco De Montejo,NA,Tizimín,Ingeniería,Lic. en Diseño De Modas,Vespertino,Enero-Junio
2019,UVA20192056,F,Mexicana,Mérida,1997-05-03,Equivalencia,Centro,NA,Umán,Ingeniería,Lic. en Fisioterapia,Matutino,Enero-Junio
2019,UVA20196022,F,Mexicana,Cancún,1996-01-05,Repetidor,NA,Preparatoria Estatal No. 1,Tizimín,Licenciatura,Ing. Civil,Matutino,2024-B
2019,UVA20196907,M,Mexicana,Valladolid,2002-10-24,Nuevo,Chuburná,NA,Umán,Licenciatura,Lic. en Psicología,Vespertino,2023-A
2019,UVA20197794,F,Mexicana,Tizimín,1996-05-23,Equivalencia,Itzimná,Prepa Abierta,Kanasín,Licenciatura,Lic. en Educación,Vespertino,2024-B
2019,UVA20197710,F,Mexicana,Mérida,1998-04-30,Nuevo,Centro,Preparatoria Estatal No. 1,NA,Ingeniería,Lic. en Gastronomía,Matutino,2024-B
2019,UVA20196917,NA,Mexicana,Mérida,2001-09-12,Repetidor,Centro,NA,Tizimín,Ingeniería,Lic. en Educación,Vespertino,2023-A
2019,UVA20198990,F,NA,Cancún,2004-07-07,Repetidor,Itzimná,Preparatoria Estatal No. 1,NA,Licenciatura,Lic. en Nutrición,Matutino,Enero-Junio
2019,UVA20197608,M,Mexicana,Mérida,1997-11-05,Repetidor,Itzimná,NA,Umán,Licenciatura,Ing. Civil,Matutino,Enero-Junio
2019,UVA20199359,F,NA,Cancún,1999-01-02,Equivalencia,Francisco De Montejo,Prepa Abierta,"Mérida, Yucatán",Licenciatura,Lic. en Nutrición,Vespertino,Enero-Junio
2019,UVA20191650,F,NA,Tizimín,2002-11-13,Equivalencia,Francisco De Montejo,NA,Umán,Ingeniería,Lic. en Educación,Matutino,Agosto-Diciembre
2019,UVA20193945,F,Mexicana,NA,1996-08-13,Reinscrito,Centro,Conalep Mérida,Umán,Licenciatura,Lic. en Diseño De Modas,Matutino,2024-B
2019,UVA20192559,F,NA,Tizimín,1996-11-06,Reinscrito,Itzimná,Preparatoria Estatal No. 1,Kanasín,Licenciatura,Lic. en Enfermería,Matutino,Enero-Junio
2019,UVA20194041,F,NA,Mérida,2000-04-05,Nuevo,Chuburná,NA,"Mérida, Yucatán",Ingeniería,Lic. en Fisioterapia,Vespertino,Agosto-Diciembre
2019,UVA20195196,M,Mexicana,Cancún,2001-02-26,Equivalencia,NA,Preparatoria Estatal No. 1,Kanasín,Ingeniería,Lic. en Contabilidad,Vespertino,2023-A
2019,UVA20199373,M,NA,Cancún,2005-10-28,Repetidor,Chuburná,Preparatoria Estatal No. 1,Kanasín,Ingeniería,Lic. en Fisioterapia,Vespertino,2023-A
2019,UVA20193073,M,Mexicana,NA,2003-02-03,Nuevo,NA,NA,Kanasín,Licenciatura,Ing. Civil,Matutino,2024-B
2019,UVA20199637,NA,Mexicana,Tizimín,2002-01-22,Nuevo,Centro,Preparatoria Estatal No. 1,Tizimín,Ingeniería,Lic. en Contabilidad,Vespertino,Agosto-Diciembre
2019,UVA20191493,M,Mexicana,Valladolid,2003-12-24,Reinscrito,Chuburná,Conalep Mérida,NA,Licenciatura,Ing. Civil,Vespertino,2023-A
2019,UVA20193018,M,Mexicana,Tizimín,1997-01-26,Equivalencia,Francisco De Montejo,NA,"Mérida, Yucatán",Licenciatura,Lic. en Admin. De Empresas,Vespertino,Enero-Junio
2019,UVA20192237,M,NA,Tizimín,2001-11-26,Repetidor,Centro,Prepa Abierta,Umán,Licenciatura,Lic. en Fisioterapia,Vespertino,Enero-Junio
2019,UVA20194935,NA,Mexicana,Tizimín,1997-10-29,Equivalencia,Centro,Prepa Abierta,"Mérida, Yucatán",Licenciatura,Lic. en Gastronomía,Vespertino,2023-A
2019,UVA20193024,M,NA,Tizimín,2003-07-01,Equivalencia,Itzimná,NA,"Mérida, Yucatán",Ingeniería,Lic. en Fisioterapia,Matutino,2024-B
2019,UVA20194319,F,NA,Mérida,1999-05-13,Reinscrito,Itzimná,Cbtis 95,Umán,Ingeniería,Lic. en Nutrición,Vespertino,Agosto-Diciembre
2019,UVA20197865,M,Mexicana,Valladolid,1998-01-11,Reinscrito,Centro,NA,Tizimín,Ingeniería,Lic. en Criminología,Matutino,Enero-Junio
2019,UVA20199932,F,Mexicana,Cancún,1996-11-30,Repetidor,Itzimná,Conalep Mérida,Kanasín,Ingeniería,Lic. en Diseño De Modas,Vespertino,Agosto-Diciembre
2019,UVA20193723,F,Mexicana,Tizimín,1997-06-19,Equivalencia,NA,Preparatoria Estatal No. 1,"Mérida, Yucatán",Licenciatura,Lic. en Educación,Vespertino,Agosto-Diciembre
2019,UVA20198300,F,Mexicana,Valladolid,2004-01-02,Repetidor,NA,NA,Kanasín,Licenciatura,Lic. en Arquitectura,Matutino,2024-B
2019,UVA20197798,NA,Mexicana,NA,2005-07-21,Repetidor,Centro,NA,NA,Licenciatura,Lic. en Contabilidad,Matutino,Enero-Junio
2019,UVA20194120,F,Mexicana,Valladolid,1996-03-27,Equivalencia,Itzimná,NA,NA,Licenciatura,Lic. en Criminología,Vespertino,2024-B
2019,UVA20196816,F,Mexicana,Mérida,2001-08-30,Repetidor,Centro,Cbtis 95,NA,Ingeniería,Lic. en Odontología,Matutino,Enero-Junio
2019,UVA20198399,F,Mexicana,Mérida,1998-02-27,Nuevo,Francisco De Montejo,NA,"Mérida, Yucatán",Ingeniería,Lic. en Educación,Matutino,Agosto-Diciembre
2019,UVA20194087,NA,Mexicana,NA,2003-03-05,Nuevo,Centro,Preparatoria Estatal No. 1,NA,Licenciatura,Lic. en Admin. De Empresas,Vespertino,2023-A
2019,UVA20192372,M,Mexicana,Valladolid,2000-09-04,Repetidor,Chuburná,Preparatoria Estatal No. 1,Umán,Licenciatura,Lic. en Derecho,Vespertino,Enero-Junio
2019,UVA20196952,NA,Mexicana,NA,2002-03-26,Nuevo,Francisco De Montejo,NA,NA,Ingeniería,Lic. en Enfermería,Vespertino,2023-A
2019,UVA20192703,F,Mexicana,Mérida,1997-08-07,Nuevo,Centro,NA,Kanasín,Licenciatura,Lic. en Diseño De Modas,Matutino,Agosto-Diciembre
2019,UVA20192345,M,Mexicana,Tizimín,1996-05-02,Nuevo,Itzimná,Conalep Mérida,Umán,Ingeniería,Lic. en Fisioterapia,Vespertino,Agosto-Diciembre
2019,UVA20198503,M,NA,Mérida,1997-02-22,Nuevo,NA,NA,NA,Ingeniería,Lic. en Psicología,Matutino,2024-B
2019,UVA20197657,M,Mexicana,Mérida,1999-09-10,Nuevo,Centro,Preparatoria Estatal No. 1,Tizimín,Licenciatura,Lic. en Diseño De Modas,Vespertino,Agosto-Diciembre
2019,UVA20199313,NA,NA,Cancún,1995-06-05,Equivalencia,Centro,Cbtis 95,"Mérida, Yucatán",Licenciatura,Ing. Civil,Vespertino,2023-A
2019,UVA20193890,NA,NA,Tizimín,1999-12-25,Equivalencia,Centro,Conalep Mérida,"Mérida, Yucatán",Licenciatura,Lic. en Odontología,Matutino,Enero-Junio
2019,UVA20191077,M,Mexicana,Cancún,1999-11-11,Reinscrito,Centro,Prepa Abierta,Umán,Ingeniería,Lic. en Derecho,Vespertino,2023-A
2019,UVA20191723,NA,Mexicana,Tizimín,2002-06-21,Nuevo,Centro,Conalep Mérida,Kanasín,Ingeniería,Lic. en Fisioterapia,Matutino,Agosto-Diciembre
2019,UVA20199807,F,NA,NA,2003-01-06,Nuevo,Centro,Preparatoria Estatal No. 1,Tizimín,Ingeniería,Lic. en Nutrición,Matutino,2024-B
2019,UVA20198096,F,Mexicana,NA,1997-12-08,Reinscrito,Centro,Prepa Abierta,"Mérida, Yucatán",Ingeniería,Lic. en Enfermería,Vespertino,Agosto-Diciembre
2019,UVA20199740,NA,Mexicana,Cancún,2000-10-16,Repetidor,Centro,NA,Umán,Ingeniería,Lic. en Contabilidad,Matutino,2024-B
2019,UVA20191670,M,Mexicana,NA,2004-10-28,Nuevo,Centro,Preparatoria Estatal No. 1,NA,Ingeniería,Lic. en Psicología,Vespertino,2023-A
2019,UVA20193292,M,Mexicana,Tizimín,1996-04-19,Repetidor,Centro,NA,Kanasín,Licenciatura,Lic. en Arquitectura,Vespertino,Enero-Junio
2019,UVA20197678,M,Mexicana,NA,1999-11-22,Reinscrito,Centro,Prepa Abierta,"Mérida, Yucatán",Ingeniería,Lic. en Diseño De Modas,Matutino,2023-A
2019,UVA20198843,M,NA,Valladolid,1995-11-02,Nuevo,Centro,NA,Kanasín,Licenciatura,Lic. en Diseño De Modas,Matutino,2023-A
2019,UVA20194371,NA,Mexicana,NA,1995-11-19,Reinscrito,Centro,Cbtis 95,Umán,Ingeniería,Ing. en Procesos De Manufactura,Matutino,Enero-Junio
2019,UVA20198007,NA,Mexicana,Tizimín,2001-05-19,Reinscrito,Chuburná,NA,Tizimín,Ingeniería,Lic. en Contabilidad,Matutino,2024-B
2019,UVA20196885,F,NA,NA,2004-01-27,Equivalencia,Centro,Conalep Mérida,NA,Ingeniería,Lic. en Criminología,Vespertino,Agosto-Diciembre
2019,UVA20198754,M,Mexicana,Cancún,2004-06-09,Repetidor,Francisco De Montejo,Prepa Abierta,Tizimín,Licenciatura,Lic. en Criminología,Matutino,2024-B
2019,UVA20194419,NA,NA,Tizimín,2003-05-08,Reinscrito,Chuburná,Preparatoria Estatal No. 1,"Mérida, Yucatán",Ingeniería,Lic. en Enfermería,Vespertino,2023-A
2019,UVA20193662,M,Mexicana,Cancún,1995-05-08,Equivalencia,NA,Conalep Mérida,Kanasín,Ingeniería,Ing. Civil,Matutino,2023-A
2019,UVA20196687,F,NA,Tizimín,1999-08-15,Equivalencia,Chuburná,NA,Tizimín,Ingeniería,Lic. en Nutrición,Matutino,2023-A
2019,UVA20199026,F,Mexicana,NA,2003-07-15,Repetidor,Centro,Preparatoria Estatal No. 1,Umán,Licenciatura,Lic. en Educación,Matutino,Agosto-Diciembre
2019,UVA20193098,M,NA,Cancún,2000-05-29,Reinscrito,Itzimná,NA,Tizimín,Ingeniería,Lic. en Enfermería,Vespertino,Enero-Junio
2019,UVA20191295,M,Mexicana,Valladolid,2004-10-21,Equivalencia,Itzimná,NA,Umán,Licenciatura,Lic. en Enfermería,Vespertino,2024-B
2019,UVA20196679,F,Mexicana,NA,1996-03-03,Repetidor,Francisco De Montejo,Prepa Abierta,Tizimín,Ingeniería,Ing. Civil,Matutino,Enero-Junio
2019,UVA20192928,F,Mexicana,Cancún,2004-06-19,Nuevo,Centro,Conalep Mérida,Kanasín,Ingeniería,Lic. en Psicología,Matutino,2024-B
2019,UVA20191591,F,Mexicana,Tizimín,2004-07-25,Reinscrito,NA,Preparatoria Estatal No. 1,Tizimín,Ingeniería,Lic. en Psicología,Vespertino,2023-A
2019,UVA20196230,M,NA,Cancún,1999-03-08,Repetidor,Centro,Prepa Abierta,Kanasín,Ingeniería,Lic. en Psicología,Vespertino,2024-B
2019,UVA20197307,F,Mexicana,Tizimín,2001-08-18,Nuevo,Francisco De Montejo,NA,Tizimín,Ingeniería,Ing. en Procesos De Manufactura,Vespertino,2024-B
2019,UVA20196696,M,NA,Valladolid,1998-04-07,Equivalencia,Centro,Cbtis 95,"Mérida, Yucatán",Ingeniería,Lic. en Nutrición,Vespertino,Agosto-Diciembre
2019,UVA20196945,NA,Mexicana,Valladolid,2001-08-28,Equivalencia,Centro,Conalep Mérida,NA,Ingeniería,Lic. en Derecho,Vespertino,Enero-Junio
2019,UVA20195984,F,Mexicana,Valladolid,1996-03-30,Nuevo,Centro,Preparatoria Estatal No. 1,"Mérida, Yucatán",Licenciatura,Lic. en Psicología,Matutino,Agosto-Diciembre
2019,UVA20195081,M,Mexicana,Cancún,2003-11-14,Nuevo,Itzimná,Preparatoria Estatal No. 1,Umán,Licenciatura,Ing. Civil,Matutino,2024-B
2019,UVA20192064,F,Mexicana,Valladolid,1995-09-27,Equivalencia,Itzimná,Prepa Abierta,Kanasín,Ingeniería,Ing. Civil,Matutino,2023-A
2019,UVA20196962,NA,Mexicana,NA,1999-06-09,Reinscrito,Centro,NA,Kanasín,Ingeniería,Lic. en Arquitectura,Matutino,2024-B
2019,UVA20194428,M,NA,Valladolid,2002-09-18,Reinscrito,Centro,NA,Umán,Ingeniería,Ing. Civil,Matutino,Enero-Junio
2019,UVA20198089,NA,NA,Mérida,2001-04-22,Repetidor,Chuburná,Conalep Mérida,"Mérida, Yucatán",Licenciatura,Lic. en Criminología,Matutino,2024-B
2019,UVA20192448,F,NA,Tizimín,2001-07-01,Nuevo,Centro,NA,Umán,Licenciatura,Ing. Civil,Vespertino,Enero-Junio
2019,UVA20194407,NA,Mexicana,Valladolid,2004-01-20,Nuevo,NA,NA,NA,Ingeniería,Lic. en Admin. De Empresas,Matutino,Agosto-Diciembre
2019,UVA20196256,M,Mexicana,NA,2000-03-22,Reinscrito,Francisco De Montejo,Preparatoria Estatal No. 1,"Mérida, Yucatán",Ingeniería,Lic. en Gastronomía,Matutino,2023-A
2019,UVA20199565,F,Mexicana,Mérida,2002-01-18,Reinscrito,Centro,Cbtis 95,"Mérida, Yucatán",Licenciatura,Lic. en Odontología,Vespertino,Agosto-Diciembre
2019,UVA20195209,F,NA,Tizimín,2001-08-19,Equivalencia,Centro,NA,Tizimín,Licenciatura,Lic. en Fisioterapia,Vespertino,2023-A
2019,UVA20198484,M,Mexicana,NA,1998-02-27,Reinscrito,Centro,Conalep Mérida,NA,Ingeniería,Ing. Civil,Matutino,2023-A
2019,UVA20192930,F,NA,Mérida,2001-12-29,Nuevo,Francisco De Montejo,Cbtis 95,NA,Licenciatura,Lic. en Nutrición,Matutino,2024-B
2019,UVA20198877,F,NA,Valladolid,1999-09-18,Reinscrito,Itzimná,Conalep Mérida,NA,Ingeniería,Ing. Civil,Vespertino,2023-A
2019,UVA20194985,M,Mexicana,Cancún,2003-07-17,Equivalencia,NA,NA,Kanasín,Licenciatura,Lic. en Criminología,Matutino,2023-A
2019,UVA20198342,F,Mexicana,Mérida,2005-04-09,Reinscrito,Francisco De Montejo,NA,NA,Ingeniería,Ing. Civil,Vespertino,2023-A
2019,UVA20193915,NA,Mexicana,NA,2003-05-15,Repetidor,Francisco De Montejo,Cbtis 95,NA,Licenciatura,Lic. en Fisioterapia,Matutino,Agosto-Diciembre
2019,UVA20195473,NA,Mexicana,NA,1996-09-30,Nuevo,Francisco De Montejo,Cbtis 95,Umán,Ingeniería,Lic. en Enfermería,Matutino,2023-A
2019,UVA20196409,M,NA,Mérida,1996-09-04,Nuevo,Centro,Preparatoria Estatal No. 1,Tizimín,Ingeniería,Lic. en Arquitectura,Vespertino,2024-B
2019,UVA20195035,M,Mexicana,Cancún,1996-11-17,Reinscrito,Centro,NA,Tizimín,Licenciatura,Lic. en Diseño De Modas,Vespertino,Agosto-Diciembre
2019,UVA20199238,NA,Mexicana,Valladolid,2001-08-23,Reinscrito,Centro,Conalep Mérida,NA,Licenciatura,Lic. en Contabilidad,Matutino,2024-B
2019,UVA20199021,M,Mexicana,Cancún,2002-05-19,Equivalencia,Centro,Cbtis 95,"Mérida, Yucatán",Ingeniería,Lic. en Odontología,Vespertino,2024-B
2019,UVA20197269,M,Mexicana,Mérida,1997-04-04,Equivalencia,Chuburná,Cbtis 95,Kanasín,Licenciatura,Lic. en Odontología,Vespertino,2024-B
2019,UVA20199486,F,Mexicana,Tizimín,1997-06-27,Equivalencia,Itzimná,Conalep Mérida,"Mérida, Yucatán",Ingeniería,Lic. en Enfermería,Matutino,Agosto-Diciembre
2019,UVA20192095,F,NA,Cancún,1999-11-07,Nuevo,Centro,NA,NA,Ingeniería,Lic. en Fisioterapia,Matutino,2024-B
2019,UVA20197466,NA,Mexicana,Mérida,2003-08-17,Equivalencia,Centro,Preparatoria Estatal No. 1,NA,Ingeniería,Lic. en Enfermería,Matutino,Agosto-Diciembre
2019,UVA20191410,F,Mexicana,Valladolid,2002-05-14,Equivalencia,NA,NA,NA,Licenciatura,Lic. en Arquitectura,Matutino,Agosto-Diciembre
2019,UVA20194582,M,Mexicana,Valladolid,2000-10-23,Reinscrito,Centro,NA,NA,Licenciatura,Lic. en Contabilidad,Vespertino,Enero-Junio
2019,UVA20191493,F,Mexicana,Mérida,1999-09-21,Reinscrito,Itzimná,Cbtis 95,Tizimín,Licenciatura,Lic. en Fisioterapia,Vespertino,Agosto-Diciembre
2019,UVA20197216,M,Mexicana,Cancún,1999-12-29,Reinscrito,Itzimná,Cbtis 95,NA,Licenciatura,Lic. en Psicología,Matutino,2023-A
2019,UVA20192703,F,NA,Tizimín,2004-12-30,Nuevo,Centro,NA,Kanasín,Licenciatura,Lic. en Gastronomía,Matutino,2023-A
2019,UVA20191006,NA,Mexicana,NA,2003-05-14,Nuevo,Centro,Prepa Abierta,NA,Ingeniería,Lic. en Arquitectura,Matutino,2023-A
2019,UVA20193394,M,Mexicana,Tizimín,1995-12-18,Nuevo,Centro,NA,"Mérida, Yucatán",Licenciatura,Lic. en Nutrición,Vespertino,2023-A
2019,UVA20192152,F,Mexicana,NA,1995-03-12,Nuevo,Chuburná,Conalep Mérida,"Mérida, Yucatán",Licenciatura,Lic. en Psicología,Vespertino,2023-A
2019,UVA20197031,NA,NA,Mérida,1998-02-11,Equivalencia,Centro,Prepa Abierta,Tizimín,Ingeniería,Ing. Civil,Matutino,Enero-Junio
2019,UVA20196004,M,NA,Valladolid,2002-09-21,Reinscrito,Francisco De Montejo,NA,Umán,Ingeniería,Lic. en Odontología,Matutino,2023-A
2019,UVA20196451,M,NA,Mérida,1995-04-08,Equivalencia,Francisco De Montejo,Conalep Mérida,Umán,Licenciatura,Lic. en Nutrición,Vespertino,2024-B
2019,UVA20193269,NA,Mexicana,Tizimín,1997-02-06,Reinscrito,Centro,Cbtis 95,Kanasín,Ingeniería,Lic. en Fisioterapia,Matutino,2023-A
2019,UVA20195561,M,Mexicana,NA,2005-03-28,Nuevo,Itzimná,Prepa Abierta,"Mérida, Yucatán",Ingeniería,Lic. en Educación,Matutino,Enero-Junio
2019,UVA20194515,M,Mexicana,Valladolid,2003-11-08,Repetidor,Francisco De Montejo,NA,Tizimín,Ingeniería,Lic. en Enfermería,Matutino,Enero-Junio
2019,UVA20196012,M,Mexicana,NA,1995-08-21,Repetidor,Itzimná,Prepa Abierta,Tizimín,Licenciatura,Ing. Civil,Matutino,2024-B
2019,UVA20194420,M,Mexicana,Mérida,1997-02-28,Nuevo,Chuburná,Cbtis 95,Kanasín,Ingeniería,Lic. en Gastronomía,Vespertino,Enero-Junio
2019,UVA20192863,F,NA,Cancún,2002-11-02,Equivalencia,Francisco De Montejo,Conalep Mérida,NA,Ingeniería,Lic. en Enfermería,Matutino,Agosto-Diciembre
2019,UVA20197879,NA,Mexicana,NA,2002-09-24,Equivalencia,Chuburná,Preparatoria Estatal No. 1,Umán,Licenciatura,Lic. en Psicología,Vespertino,Enero-Junio
2019,UVA20192811,M,Mexicana,Tizimín,2001-11-27,Nuevo,Chuburná,Preparatoria Estatal No. 1,NA,Ingeniería,Lic. en Psicología,Matutino,Enero-Junio
2019,UVA20197434,M,Mexicana,Mérida,2002-12-18,Nuevo,Francisco De Montejo,NA,NA,Ingeniería,Lic. en Enfermería,Matutino,2023-A
2019,UVA20198844,NA,Mexicana,Valladolid,1997-11-21,Nuevo,Francisco De Montejo,Cbtis 95,Umán,Ingeniería,Lic. en Psicología,Matutino,2024-B
2019,UVA20197818,NA,Mexicana,NA,1995-11-24,Nuevo,Itzimná,Prepa Abierta,Umán,Ingeniería,Lic. en Gastronomía,Matutino,2023-A
2019,UVA20198163,M,Mexicana,Tizimín,1995-01-21,Reinscrito,Chuburná,Conalep Mérida,Tizimín,Ingeniería,Lic. en Nutrición,Vespertino,Enero-Junio
2019,UVA20191745,F,Mexicana,Mérida,2004-12-09,Reinscrito,Francisco De Montejo,NA,NA,Licenciatura,Lic. en Nutrición,Matutino,Agosto-Diciembre
2019,UVA20195125,F,Mexicana,Cancún,1998-11-03,Reinscrito,Centro,Prepa Abierta,Umán,Ingeniería,Lic. en Contabilidad,Matutino,2023-A
2019,UVA20199731,F,Mexicana,Tizimín,2001-01-29,Equivalencia,Centro,Prepa Abierta,Kanasín,Ingeniería,Lic. en Educación,Vespertino,Agosto-Diciembre
2019,UVA20194399,F,Mexicana,Valladolid,2000-01-15,Repetidor,NA,NA,NA,Ingeniería,Lic. en Admin. De Empresas,Matutino,2024-B
2019,UVA20199797,F,Mexicana,NA,1995-08-20,Nuevo,Centro,NA,Kanasín,Ingeniería,Ing. en Procesos De Manufactura,Matutino,2024-B
2019,UVA20196675,M,Mexicana,Mérida,2001-09-07,Repetidor,Chuburná,NA,Tizimín,Ingeniería,Lic. en Arquitectura,Vespertino,2023-A
2019,UVA20195656,M,Mexicana,Mérida,2004-12-09,Repetidor,Centro,NA,NA,Ingeniería,Lic. en Nutrición,Vespertino,Enero-Junio
2019,UVA20191682,F,Mexicana,Cancún,2003-05-25,Repetidor,Centro,Cbtis 95,"Mérida, Yucatán",Licenciatura,Ing. Civil,Vespertino,2024-B
2019,UVA20192346,NA,NA,Valladolid,2000-01-02,Nuevo,Centro,Conalep Mérida,Tizimín,Ingeniería,Lic. en Psicología,Matutino,Agosto-Diciembre
2019,UVA20198298,F,Mexicana,Tizimín,2001-10-01,Nuevo,Chuburná,NA,NA,Ingeniería,Lic. en Psicología,Matutino,Agosto-Diciembre
2019,UVA20195801,F,Mexicana,Valladolid,2003-10-16,Nuevo,Centro,Prepa Abierta,"Mérida, Yucatán",Licenciatura,Ing. en Procesos De Manufactura,Matutino,Agosto-Diciembre
2019,UVA20197194,F,Mexicana,Valladolid,2005-02-13,Repetidor,NA,Preparatoria Estatal No. 1,NA,Ingeniería,Lic. en Diseño De Modas,Matutino,Agosto-Diciembre
2019,UVA20198836,M,NA,Mérida,1999-03-22,Reinscrito,Centro,Conalep Mérida,"Mérida, Yucatán",Ingeniería,Lic. en Psicología,Matutino,Agosto-Diciembre
2019,UVA20195902,F,Mexicana,NA,2000-06-02,Reinscrito,Centro,Preparatoria Estatal No. 1,"Mérida, Yucatán",Licenciatura,Lic. en Derecho,Vespertino,Agosto-Diciembre
2019,UVA20199934,F,NA,Mérida,2004-07-18,Repetidor,Centro,Preparatoria Estatal No. 1,Tizimín,Ingeniería,Lic. en Admin. De Empresas,Vespertino,Enero-Junio
2019,UVA20195775,F,NA,Cancún,1998-12-17,Reinscrito,Itzimná,Cbtis 95,NA,Ingeniería,Lic. en Contabilidad,Matutino,Agosto-Diciembre
2019,UVA20191749,M,NA,Cancún,1998-11-04,Equivalencia,Chuburná,NA,Umán,Ingeniería,Lic. en Fisioterapia,Vespertino,Agosto-Diciembre
2019,UVA20194709,F,Mexicana,Tizimín,2001-02-20,Reinscrito,Itzimná,Cbtis 95,"Mérida, Yucatán",Licenciatura,Lic. en Gastronomía,Matutino,2023-A
2019,UVA20197133,M,NA,Cancún,2005-03-14,Reinscrito,Francisco De Montejo,NA,Tizimín,Ingeniería,Lic. en Admin. De Empresas,Matutino,Agosto-Diciembre
2019,UVA20197860,M,Mexicana,Valladolid,1998-06-26,Repetidor,Itzimná,Cbtis 95,Umán,Ingeniería,Lic. en Criminología,Matutino,Enero-Junio
2019,UVA20196086,F,NA,NA,2000-12-30,Equivalencia,Francisco De Montejo,Preparatoria Estatal No. 1,"Mérida, Yucatán",Ingeniería,Lic. en Educación,Vespertino,2023-A
2019,UVA20193527,M,Mexicana,Cancún,2000-06-30,Nuevo,NA,Prepa Abierta,Umán,Licenciatura,Lic. en Gastronomía,Vespertino,Agosto-Diciembre
2019,UVA20193855,F,Mexicana,Cancún,2001-09-26,Nuevo,Francisco De Montejo,Cbtis 95,"Mérida, Yucatán",Ingeniería,Ing. Civil,Matutino,2023-A
2019,UVA20191711,M,NA,Mérida,2002-10-23,Equivalencia,NA,Cbtis 95,"Mérida, Yucatán",Licenciatura,Ing. Civil,Vespertino,2024-B
2019,UVA20197010,M,NA,Tizimín,1995-10-01,Equivalencia,Centro,NA,Tizimín,Ingeniería,Lic. en Gastronomía,Matutino,Enero-Junio
2019,UVA20197451,F,Mexicana,Cancún,2000-03-28,Repetidor,Francisco De Montejo,Preparatoria Estatal No. 1,Tizimín,Licenciatura,Ing. Civil,Matutino,Agosto-Diciembre
2019,UVA20197112,F,NA,NA,2004-06-25,Repetidor,NA,NA,"Mérida, Yucatán",Ingeniería,Lic. en Enfermería,Vespertino,Agosto-Diciembre
2019,UVA20198076,M,Mexicana,Mérida,1999-01-28,Reinscrito,Centro,Preparatoria Estatal No. 1,Umán,Ingeniería,Lic. en Contabilidad,Vespertino,Enero-Junio
2019,UVA20192980,F,Mexicana,NA,2005-08-12,Nuevo,Chuburná,Conalep Mérida,Kanasín,Licenciatura,Lic. en Odontología,Matutino,Agosto-Diciembre
2019,UVA20191032,M,Mexicana,Cancún,1997-05-02,Equivalencia,Centro,Prepa Abierta,Umán,Licenciatura,Lic. en Fisioterapia,Vespertino,Enero-Junio
2019,UVA20197528,M,Mexicana,Tizimín,2005-07-25,Equivalencia,Centro,Conalep Mérida,Kanasín,Licenciatura,Ing. Civil,Vespertino,Agosto-Diciembre
2019,UVA20195014,M,Mexicana,Cancún,1999-01-09,Reinscrito,Centro,Cbtis 95,Tizimín,Ingeniería,Lic. en Diseño De Modas,Matutino,2023-A
2019,UVA20197693,M,NA,Mérida,2001-06-25,Equivalencia,Chuburná,Cbtis 95,Tizimín,Licenciatura,Lic. en Fisioterapia,Vespertino,2023-A
2019,UVA20195625,NA,NA,NA,2005-10-14,Equivalencia,Centro,Cbtis 95,"Mérida, Yucatán",Licenciatura,Lic. en Criminología,Matutino,Agosto-Diciembre
2019,UVA20196420,F,Mexicana,Cancún,1999-03-27,Nuevo,Itzimná,NA,"Mérida, Yucatán",Licenciatura,Lic. en Enfermería,Matutino,Agosto-Diciembre
2019,UVA20198413,F,Mexicana,Tizimín,2003-06-25,Reinscrito,Francisco De Montejo,NA,"Mérida, Yucatán",Licenciatura,Lic. en Gastronomía,Vespertino,Enero-Junio
2019,UVA20192104,M,Mexicana,NA,1999-08-07,Equivalencia,Francisco De Montejo,NA,NA,Licenciatura,Lic. en Psicología,Matutino,Enero-Junio
2019,UVA20199116,F,NA,Cancún,2003-08-28,Repetidor,NA,NA,NA,Licenciatura,Lic. en Nutrición,Matutino,Agosto-Diciembre
2019,UVA20198524,F,NA,Valladolid,1997-08-19,Repetidor,Centro,Prepa Abierta,Tizimín,Licenciatura,Ing. Civil,Matutino,2023-A
2019,UVA20195552,NA,Mexicana,Cancún,1999-01-06,Repetidor,Centro,Preparatoria Estatal No. 1,Umán,Ingeniería,Lic. en Derecho,Matutino,Agosto-Diciembre
2019,UVA20193899,F,Mexicana,Mérida,1997-02-01,Equivalencia,Centro,Prepa Abierta,Kanasín,Licenciatura,Lic. en Fisioterapia,Matutino,2024-B
2019,UVA20192037,F,Mexicana,Cancún,1995-04-29,Reinscrito,NA,NA,Kanasín,Ingeniería,Lic. en Nutrición,Vespertino,2024-B
2019,UVA20199905,F,Mexicana,Valladolid,1995-07-03,Reinscrito,Centro,Preparatoria Estatal No. 1,Kanasín,Licenciatura,Lic. en Psicología,Matutino,2024-B
2019,UVA20192807,F,Mexicana,Tizimín,2005-10-27,Equivalencia,NA,Prepa Abierta,"Mérida, Yucatán",Licenciatura,Lic. en Diseño De Modas,Vespertino,2024-B
2019,UVA20192202,M,Mexicana,Mérida,1995-03-01,Reinscrito,Francisco De Montejo,Conalep Mérida,"Mérida, Yucatán",Ingeniería,Lic. en Gastronomía,Matutino,Agosto-Diciembre
2019,UVA20194121,NA,Mexicana,Mérida,1996-05-28,Nuevo,NA,NA,NA,Ingeniería,Ing. Civil,Vespertino,Enero-Junio
2019,UVA20193883,M,Mexicana,Tizimín,1997-12-29,Repetidor,Centro,NA,"Mérida, Yucatán",Ingeniería,Lic. en Enfermería,Matutino,2023-A
2019,UVA20191128,M,Mexicana,Valladolid,2005-12-14,Nuevo,Francisco De Montejo,NA,"Mérida, Yucatán",Licenciatura,Lic. en Criminología,Matutino,Agosto-Diciembre
2019,UVA20196979,NA,NA,Valladolid,2001-05-09,Equivalencia,Chuburná,Conalep Mérida,"Mérida, Yucatán",Ingeniería,Ing. Civil,Matutino,Enero-Junio
2019,UVA20199756,F,Mexicana,Tizimín,2001-01-15,Equivalencia,Francisco De Montejo,NA,Tizimín,Ingeniería,Ing. Civil,Vespertino,Agosto-Diciembre
2019,UVA20191250,NA,Mexicana,NA,2000-06-25,Repetidor,Centro,Cbtis 95,Tizimín,Ingeniería,Lic. en Enfermería,Vespertino,2023-A
2019,UVA20193705,NA,Mexicana,NA,1997-09-02,Nuevo,Centro,Prepa Abierta,Umán,Ingeniería,Lic. en Diseño De Modas,Vespertino,Agosto-Diciembre
2019,UVA20191141,M,Mexicana,Valladolid,1997-02-06,Repetidor,Francisco De Montejo,Preparatoria Estatal No. 1,"Mérida, Yucatán",Ingeniería,Lic. en Educación,Matutino,Enero-Junio
2019,UVA20199155,M,NA,Mérida,1995-11-22,Repetidor,NA,Cbtis 95,"Mérida, Yucatán",Licenciatura,Lic. en Criminología,Vespertino,2024-B
2019,UVA20195813,M,Mexicana,Tizimín,2000-08-27,Nuevo,NA,NA,"Mérida, Yucatán",Licenciatura,Ing. Civil,Matutino,Agosto-Diciembre
2019,UVA20194690,M,Mexicana,Cancún,2003-11-07,Nuevo,Centro,NA,Umán,Ingeniería,Lic. en Psicología,Vespertino,2024-B
2019,UVA20196164,M,NA,Cancún,1997-02-08,Equivalencia,Centro,NA,Tizimín,Ingeniería,Lic. en Criminología,Vespertino,Agosto-Diciembre
2019,UVA20191657,NA,Mexicana,Valladolid,1995-09-17,Reinscrito,Chuburná,Cbtis 95,NA,Ingeniería,Lic. en Criminología,Vespertino,Enero-Junio
2019,UVA20197716,F,Mexicana,NA,2005-08-12,Reinscrito,Centro,NA,Kanasín,Ingeniería,Lic. en Diseño De Modas,Vespertino,2023-A
2019,UVA20193359,M,Mexicana,Valladolid,2004-04-28,Reinscrito,Itzimná,Prepa Abierta,"Mérida, Yucatán",Ingeniería,Lic. en Psicología,Vespertino,2023-A
2019,UVA20196798,F,Mexicana,Cancún,2004-11-08,Repetidor,Centro,Prepa Abierta,Tizimín,Licenciatura,Lic. en Enfermería,Vespertino,Agosto-Diciembre
2019,UVA20197646,F,Mexicana,NA,1997-07-21,Repetidor,Centro,NA,Kanasín,Ingeniería,Lic. en Arquitectura,Vespertino,Enero-Junio
2019,UVA20196989,M,NA,Mérida,2003-08-29,Repetidor,Centro,Cbtis 95,Tizimín,Ingeniería,Lic. en Fisioterapia,Vespertino,2023-A
2019,UVA20192586,M,Mexicana,Valladolid,2003-01-11,Nuevo,Centro,NA,Kanasín,Licenciatura,Lic. en Psicología,Matutino,Agosto-Diciembre
2019,UVA20195371,M,Mexicana,NA,1995-02-01,Reinscrito,Itzimná,Cbtis 95,"Mérida, Yucatán",Licenciatura,Lic. en Arquitectura,Vespertino,Agosto-Diciembre
2019,UVA20198325,F,Mexicana,Cancún,2002-04-02,Reinscrito,NA,Cbtis 95,Kanasín,Licenciatura,Lic. en Enfermería,Vespertino,Agosto-Diciembre
2019,UVA20194209,M,Mexicana,Valladolid,2000-09-03,Equivalencia,Francisco De Montejo,Conalep Mérida,Kanasín,Licenciatura,Lic. en Nutrición,Matutino,2023-A
2019,UVA20195175,M,Mexicana,Mérida,2003-08-28,Nuevo,Centro,Prepa Abierta,"Mérida, Yucatán",Ingeniería,Lic. en Odontología,Matutino,2023-A
2019,UVA20198951,F,Mexicana,Cancún,2004-03-16,Nuevo,Francisco De Montejo,Prepa Abierta,"Mérida, Yucatán",Licenciatura,Lic. en Derecho,Vespertino,2023-A
2019,UVA20192607,M,Mexicana,Valladolid,2001-05-12,Reinscrito,Centro,NA,Tizimín,Ingeniería,Ing. en Procesos De Manufactura,Matutino,Agosto-Diciembre
2019,UVA20197374,F,Mexicana,Valladolid,2002-06-08,Equivalencia,Centro,Prepa Abierta,Kanasín,Ingeniería,Ing. Civil,Vespertino,Enero-Junio
2019,UVA20196266,M,NA,Valladolid,2005-11-30,Repetidor,Francisco De Montejo,NA,NA,Ingeniería,Lic. en Gastronomía,Matutino,Agosto-Diciembre
2019,UVA20193245,M,Mexicana,Mérida,2002-10-31,Repetidor,Centro,NA,"Mérida, Yucatán",Licenciatura,Ing. Civil,Matutino,2023-A
2019,UVA20199493,F,Mexicana,Mérida,1995-05-18,Equivalencia,Centro,Prepa Abierta,"Mérida, Yucatán",Ingeniería,Ing. en Procesos De Manufactura,Vespertino,Agosto-Diciembre
2019,UVA20199446,M,Mexicana,NA,2004-06-16,Nuevo,Itzimná,Cbtis 95,"Mérida, Yucatán",Ingeniería,Lic. en Derecho,Vespertino,Agosto-Diciembre
2019,UVA20197259,NA,Mexicana,Mérida,2001-04-14,Reinscrito,Itzimná,Prepa Abierta,Umán,Licenciatura,Lic. en Diseño De Modas,Vespertino,Agosto-Diciembre
2019,UVA20197348,M,NA,Tizimín,2001-08-06,Reinscrito,Centro,Preparatoria Estatal No. 1,Kanasín,Licenciatura,Ing. Civil,Vespertino,2024-B
2019,UVA20199895,M,Mexicana,Cancún,2003-10-27,Reinscrito,Centro,Preparatoria Estatal No. 1,Kanasín,Licenciatura,Lic. en Criminología,Vespertino,Enero-Junio
2019,UVA20194589,F,Mexicana,NA,1997-02-19,Nuevo,Centro,Cbtis 95,"Mérida, Yucatán",Licenciatura,Lic. en Educación,Vespertino,Agosto-Diciembre
2019,UVA20191670,F,NA,Mérida,1995-12-04,Reinscrito,Centro,Prepa Abierta,NA,Licenciatura,Lic. en Admin. De Empresas,Matutino,2024-B
2019,UVA20191453,M,NA,Mérida,1999-06-03,Repetidor,NA,Preparatoria Estatal No. 1,Tizimín,Ingeniería,Lic. en Fisioterapia,Matutino,2023-A
2019,UVA20194892,M,NA,Tizimín,1998-05-05,Repetidor,NA,Prepa Abierta,Tizimín,Licenciatura,Lic. en Nutrición,Matutino,2024-B
2019,UVA20197182,M,NA,Cancún,1996-05-19,Repetidor,Francisco De Montejo,Preparatoria Estatal No. 1,Tizimín,Licenciatura,Lic. en Odontología,Vespertino,Enero-Junio
2019,UVA20197921,M,Mexicana,Tizimín,2002-04-05,Nuevo,NA,NA,NA,Licenciatura,Lic. en Fisioterapia,Matutino,Agosto-Diciembre
2019,UVA20197350,F,Mexicana,Mérida,2000-02-22,Repetidor,Francisco De Montejo,Conalep Mérida,NA,Licenciatura,Lic. en Fisioterapia,Matutino,2023-A
2019,UVA20192281,F,NA,Cancún,1996-01-10,Nuevo,Centro,NA,"Mérida, Yucatán",Ingeniería,Lic. en Admin. De Empresas,Vespertino,Agosto-Diciembre
2019,UVA20197980,M,NA,Mérida,1999-01-07,Reinscrito,Chuburná,NA,Umán,Licenciatura,Lic. en Nutrición,Vespertino,Agosto-Diciembre
2019,UVA20197734,F,Mexicana,Mérida,2000-10-17,Nuevo,Chuburná,Preparatoria Estatal No. 1,Kanasín,Ingeniería,Lic. en Criminología,Vespertino,2024-B
2019,UVA20192381,F,Mexicana,Valladolid,2000-10-09,Equivalencia,Francisco De Montejo,Cbtis 95,Kanasín,Ingeniería,Lic. en Admin. De Empresas,Matutino,2023-A
2019,UVA20198932,M,NA,Cancún,2001-07-26,Repetidor,Centro,NA,NA,Licenciatura,Lic. en Diseño De Modas,Vespertino,Enero-Junio
2019,UVA20195988,F,NA,Cancún,1998-05-09,Equivalencia,Chuburná,Cbtis 95,NA,Ingeniería,Lic. en Nutrición,Vespertino,Agosto-Diciembre
2019,UVA20195761,F,Mexicana,NA,1996-11-23,Repetidor,Centro,Conalep Mérida,NA,Licenciatura,Lic. en Psicología,Vespertino,2023-A
2019,UVA20193881,F,NA,Valladolid,1999-03-29,Repetidor,Centro,Preparatoria Estatal No. 1,Umán,Licenciatura,Lic. en Nutrición,Vespertino,2024-B
2019,UVA20194605,NA,Mexicana,Cancún,2000-03-23,Equivalencia,Francisco De Montejo,NA,"Mérida, Yucatán",Licenciatura,Lic. en Derecho,Vespertino,2023-A
2019,UVA20196729,M,Mexicana,Valladolid,2003-05-28,Repetidor,NA,Cbtis 95,Tizimín,Ingeniería,Lic. en Arquitectura,Matutino,2024-B
2019,UVA20198195,M,NA,Tizimín,2003-03-09,Nuevo,NA,Prepa Abierta,Tizimín,Licenciatura,Ing. Civil,Matutino,Enero-Junio
2019,UVA20198732,F,Mexicana,Valladolid,2000-02-14,Repetidor,Itzimná,Conalep Mérida,"Mérida, Yucatán",Licenciatura,Lic. en Psicología,Matutino,2024-B
2019,UVA20198325,F,Mexicana,NA,2001-11-16,Nuevo,Itzimná,Cbtis 95,Kanasín,Ingeniería,Lic. en Arquitectura,Matutino,2023-A
2019,UVA20192334,NA,NA,NA,2002-09-25,Equivalencia,Centro,NA,Umán,Ingeniería,Lic. en Enfermería,Vespertino,2024-B
2019,UVA20198823,M,NA,Valladolid,2001-09-26,Equivalencia,Chuburná,NA,Tizimín,Ingeniería,Ing. en Procesos De Manufactura,Matutino,Agosto-Diciembre
2019,UVA20199821,F,NA,Tizimín,2003-06-26,Nuevo,Centro,Preparatoria Estatal No. 1,Tizimín,Licenciatura,Lic. en Odontología,Vespertino,Enero-Junio
2019,UVA20192450,M,NA,Valladolid,2003-11-23,Reinscrito,Centro,Prepa Abierta,NA,Licenciatura,Lic. en Fisioterapia,Vespertino,Agosto-Diciembre
2019,UVA20197123,F,Mexicana,NA,2004-07-14,Reinscrito,Centro,Cbtis 95,Umán,Licenciatura,Ing. en Procesos De Manufactura,Vespertino,2023-A
2019,UVA20195340,M,Mexicana,Tizimín,2001-10-21,Equivalencia,Chuburná,Cbtis 95,NA,Ingeniería,Lic. en Fisioterapia,Matutino,2024-B
2019,UVA20198409,F,NA,Cancún,2002-03-23,Equivalencia,NA,Preparatoria Estatal No. 1,"Mérida, Yucatán",Licenciatura,Lic. en Enfermería,Matutino,Enero-Junio
2019,UVA20196789,M,NA,Tizimín,1996-09-21,Reinscrito,Centro,Prepa Abierta,Tizimín,Licenciatura,Ing. Civil,Matutino,Enero-Junio
2019,UVA20194141,F,Mexicana,Valladolid,1997-05-26,Equivalencia,NA,Prepa Abierta,"Mérida, Yucatán",Ingeniería,Lic. en Psicología,Matutino,Agosto-Diciembre
2019,UVA20197980,M,Mexicana,NA,1995-12-17,Repetidor,NA,Prepa Abierta,NA,Ingeniería,Ing. Civil,Matutino,2024-B
2019,UVA20191304,NA,NA,Mérida,1995-12-27,Equivalencia,Centro,Cbtis 95,Kanasín,Licenciatura,Lic. en Fisioterapia,Vespertino,2023-A
2019,UVA20197888,NA,NA,Cancún,1998-04-18,Nuevo,Chuburná,Preparatoria Estatal No. 1,Kanasín,Ingeniería,Lic. en Enfermería,Matutino,Agosto-Diciembre
2019,UVA20199480,F,Mexicana,Mérida,2002-12-05,Repetidor,Francisco De Montejo,Prepa Abierta,"Mérida, Yucatán",Ingeniería,Lic. en Admin. De Empresas,Matutino,Enero-Junio
2019,UVA20191066,F,Mexicana,Valladolid,2000-03-29,Reinscrito,Chuburná,Cbtis 95,Tizimín,Licenciatura,Ing. en Procesos De Manufactura,Vespertino,Enero-Junio
2019,UVA20192211,M,Mexicana,Valladolid,2004-05-09,Nuevo,Chuburná,NA,"Mérida, Yucatán",Ingeniería,Lic. en Psicología,Vespertino,2024-B
2019,UVA20195079,F,NA,Tizimín,2005-07-13,Equivalencia,Centro,NA,Tizimín,Licenciatura,Lic. en Admin. De Empresas,Matutino,2023-A
2019,UVA20194409,NA,Mexicana,Valladolid,1999-12-10,Repetidor,Francisco De Montejo,Prepa Abierta,Kanasín,Ingeniería,Lic. en Educación,Vespertino,2024-B
2019,UVA20199542,M,NA,Tizimín,2001-04-20,Repetidor,Francisco De Montejo,Conalep Mérida,"Mérida, Yucatán",Ingeniería,Lic. en Odontología,Matutino,2024-B
2019,UVA20193666,F,NA,Tizimín,1999-03-12,Equivalencia,Centro,Preparatoria Estatal No. 1,Tizimín,Ingeniería,Lic. en Psicología,Matutino,Agosto-Diciembre
2019,UVA20192747,F,Mexicana,NA,1998-01-04,Reinscrito,Centro,Cbtis 95,Kanasín,Licenciatura,Lic. en Enfermería,Matutino,2024-B
2019,UVA20199450,M,NA,Mérida,2001-06-22,Reinscrito,NA,NA,NA,Ingeniería,Lic. en Contabilidad,Matutino,Enero-Junio
2019,UVA20196946,F,Mexicana,NA,2001-09-16,Reinscrito,Centro,Preparatoria Estatal No. 1,NA,Licenciatura,Lic. en Enfermería,Vespertino,Agosto-Diciembre
2019,UVA20194881,M,Mexicana,Mérida,1995-06-19,Nuevo,Chuburná,Cbtis 95,Tizimín,Ingeniería,Lic. en Fisioterapia,Matutino,2023-A
2019,UVA20192724,M,Mexicana,Cancún,2002-02-01,Equivalencia,Chuburná,Conalep Mérida,NA,Licenciatura,Lic. en Contabilidad,Matutino,2024-B
2019,UVA20195658,F,Mexicana,NA,1997-01-04,Reinscrito,NA,Prepa Abierta,NA,Licenciatura,Lic. en Educación,Vespertino,Agosto-Diciembre
2019,UVA20198946,M,Mexicana,Tizimín,1998-05-16,Equivalencia,Centro,Conalep Mérida,Kanasín,Licenciatura,Lic. en Criminología,Matutino,2024-B
2019,UVA20198646,F,Mexicana,Valladolid,2002-10-18,Equivalencia,NA,Prepa Abierta,"Mérida, Yucatán",Ingeniería,Ing. Civil,Matutino,Agosto-Diciembre
2019,UVA20195989,F,NA,Valladolid,1995-02-03,Repetidor,Francisco De Montejo,Conalep Mérida,NA,Ingeniería,Lic. en Criminología,Matutino,2023-A
2019,UVA20198162,M,NA,Mérida,1995-01-03,Repetidor,Centro,Preparatoria Estatal No. 1,Tizimín,Ingeniería,Lic. en Admin. De Empresas,Matutino,Agosto-Diciembre
2019,UVA20199888,M,NA,Mérida,2004-12-30,Reinscrito,Centro,NA,Kanasín,Licenciatura,Lic. en Arquitectura,Vespertino,2024-B
2019,UVA20198196,M,Mexicana,Cancún,2004-07-03,Reinscrito,Centro,Conalep Mérida,Tizimín,Licenciatura,Lic. en Admin. De Empresas,Vespertino,2024-B
2019,UVA20199903,F,NA,Mérida,1996-12-12,Reinscrito,Chuburná,Conalep Mérida,"Mérida, Yucatán",Ingeniería,Lic. en Diseño De Modas,Vespertino,Enero-Junio
2019,UVA20197622,M,Mexicana,Mérida,2000-07-26,Equivalencia,Itzimná,NA,Umán,Licenciatura,Lic. en Nutrición,Matutino,2023-A
2019,UVA20191935,F,Mexicana,Tizimín,1995-03-15,Reinscrito,Chuburná,Conalep Mérida,"Mérida, Yucatán",Licenciatura,Lic. en Arquitectura,Vespertino,Agosto-Diciembre
2019,UVA20193207,F,NA,Tizimín,2000-02-15,Nuevo,Chuburná,Prepa Abierta,"Mérida, Yucatán",Ingeniería,Lic. en Admin. De Empresas,Matutino,Agosto-Diciembre
2019,UVA20196422,F,NA,Tizimín,1998-09-14,Reinscrito,NA,NA,Umán,Ingeniería,Lic. en Enfermería,Matutino,2024-B
2019,UVA20198741,M,Mexicana,Valladolid,2002-09-28,Nuevo,Centro,Preparatoria Estatal No. 1,Tizimín,Ingeniería,Lic. en Enfermería,Matutino,Agosto-Diciembre
2019,UVA20199684,M,Mexicana,Valladolid,1999-03-13,Nuevo,Centro,Cbtis 95,Kanasín,Ingeniería,Lic. en Psicología,Vespertino,Enero-Junio
2019,UVA20191471,F,Mexicana,NA,1999-08-31,Repetidor,Centro,Conalep Mérida,Tizimín,Licenciatura,Lic. en Odontología,Matutino,2024-B
2019,UVA20195534,NA,NA,Cancún,2004-01-13,Nuevo,Itzimná,Conalep Mérida,NA,Ingeniería,Ing. Civil,Vespertino,2024-B
2019,UVA20195539,F,NA,Tizimín,1996-08-30,Repetidor,Chuburná,NA,Umán,Licenciatura,Lic. en Criminología,Vespertino,2024-B
2019,UVA20198759,F,Mexicana,NA,2002-06-29,Repetidor,Centro,NA,Tizimín,Licenciatura,Lic. en Admin. De Empresas,Vespertino,Agosto-Diciembre
2019,UVA20192082,M,Mexicana,NA,1997-12-20,Reinscrito,NA,Conalep Mérida,"Mérida, Yucatán",Licenciatura,Ing. en Procesos De Manufactura,Vespertino,Enero-Junio
2019,UVA20199407,M,Mexicana,NA,2003-11-03,Repetidor,NA,Cbtis 95,Umán,Ingeniería,Lic. en Arquitectura,Matutino,2023-A
2019,UVA20196993,M,NA,Mérida,2003-08-28,Repetidor,Centro,Conalep Mérida,NA,Licenciatura,Lic. en Gastronomía,Matutino,2024-B
2019,UVA20198805,M,Mexicana,Valladolid,1996-10-02,Equivalencia,Centro,Preparatoria Estatal No. 1,NA,Licenciatura,Lic. en Criminología,Matutino,Enero-Junio
2019,UVA20198356,F,Mexicana,Cancún,1995-10-05,Nuevo,Centro,Preparatoria Estatal No. 1,NA,Licenciatura,Lic. en Psicología,Vespertino,Agosto-Diciembre
2019,UVA20198499,F,Mexicana,NA,1999-11-26,Reinscrito,Centro,NA,NA,Ingeniería,Lic. en Fisioterapia,Vespertino,2023-A
2019,UVA20197816,F,Mexicana,Tizimín,1996-03-26,Repetidor,Centro,Conalep Mérida,NA,Ingeniería,Lic. en Nutrición,Matutino,Enero-Junio
2019,UVA20197383,M,NA,Tizimín,1997-08-16,Equivalencia,Centro,Preparatoria Estatal No. 1,"Mérida, Yucatán",Ingeniería,Lic. en Derecho,Vespertino,Enero-Junio
2019,UVA20198564,F,NA,NA,1999-05-20,Equivalencia,Centro,Cbtis 95,Umán,Licenciatura,Ing. en Procesos De Manufactura,Vespertino,Agosto-Diciembre
2019,UVA20197846,F,Mexicana,Tizimín,1995-07-26,Equivalencia,Francisco De Montejo,Cbtis 95,Tizimín,Licenciatura,Lic. en Fisioterapia,Matutino,Enero-Junio
2019,UVA20195882,NA,NA,Valladolid,1999-01-16,Equivalencia,Francisco De Montejo,Prepa Abierta,Kanasín,Licenciatura,Lic. en Enfermería,Vespertino,2023-A
2019,UVA20195264,M,Mexicana,NA,2002-10-03,Equivalencia,Itzimná,Conalep Mérida,NA,Ingeniería,Ing. Civil,Vespertino,2023-A
2019,UVA20192956,F,NA,Valladolid,2000-08-21,Equivalencia,Centro,NA,Tizimín,Licenciatura,Lic. en Derecho,Vespertino,2023-A
2019,UVA20192511,F,Mexicana,Cancún,2000-06-17,Equivalencia,Francisco De Montejo,Preparatoria Estatal No. 1,Umán,Licenciatura,Lic. en Criminología,Vespertino,Agosto-Diciembre
2019,UVA20195092,M,NA,Cancún,2002-11-29,Equivalencia,Chuburná,NA,"Mérida, Yucatán",Licenciatura,Lic. en Enfermería,Vespertino,2023-A
2019,UVA20198676,NA,Mexicana,Valladolid,2000-10-17,Repetidor,Centro,Cbtis 95,"Mérida, Yucatán",Ingeniería,Lic. en Derecho,Vespertino,Agosto-Diciembre
2019,UVA20192025,F,Mexicana,Mérida,2001-05-14,Repetidor,Itzimná,Prepa Abierta,NA,Ingeniería,Lic. en Odontología,Vespertino,Agosto-Diciembre
2019,UVA20192432,M,NA,Valladolid,2001-06-06,Reinscrito,Chuburná,NA,"Mérida, Yucatán",Ingeniería,Lic. en Educación,Vespertino,2024-B
2019,UVA20194975,NA,Mexicana,Valladolid,1999-08-06,Equivalencia,Centro,Conalep Mérida,"Mérida, Yucatán",Ingeniería,Lic. en Admin. De Empresas,Vespertino,Enero-Junio
2019,UVA20199624,F,Mexicana,NA,2004-12-22,Equivalencia,Itzimná,NA,"Mérida, Yucatán",Ingeniería,Lic. en Arquitectura,Matutino,Enero-Junio
2019,UVA20191687,F,Mexicana,Mérida,1997-06-08,Equivalencia,Chuburná,Conalep Mérida,Kanasín,Licenciatura,Lic. en Gastronomía,Vespertino,Agosto-Diciembre
2019,UVA20194658,F,Mexicana,NA,1998-12-18,Equivalencia,Itzimná,NA,Umán,Ingeniería,Lic. en Fisioterapia,Matutino,2024-B
2019,UVA20195232,M,Mexicana,NA,1995-11-03,Nuevo,Francisco De Montejo,NA,Tizimín,Ingeniería,Lic. en Diseño De Modas,Vespertino,2024-B
2019,UVA20196614,M,Mexicana,NA,2003-04-18,Equivalencia,Francisco De Montejo,NA,Umán,Licenciatura,Lic. en Psicología,Vespertino,Enero-Junio
2019,UVA20196266,F,NA,Mérida,1997-07-16,Nuevo,Chuburná,NA,Tizimín,Licenciatura,Lic. en Enfermería,Matutino,Agosto-Diciembre
2019,UVA20199233,NA,Mexicana,Cancún,1995-05-20,Repetidor,Centro,Conalep Mérida,Kanasín,Ingeniería,Ing. Civil,Matutino,2023-A
2019,UVA20194811,NA,Mexicana,NA,1999-07-10,Equivalencia,Centro,Cbtis 95,NA,Ingeniería,Lic. en Contabilidad,Vespertino,2024-B
2019,UVA20196066,M,NA,Tizimín,1999-10-10,Repetidor,Chuburná,Prepa Abierta,NA,Ingeniería,Lic. en Derecho,Vespertino,2024-B
2019,UVA20195781,NA,Mexicana,Valladolid,1999-09-20,Nuevo,Centro,NA,"Mérida, Yucatán",Ingeniería,Ing. Civil,Vespertino,Agosto-Diciembre
2019,UVA20195320,F,Mexicana,Valladolid,2005-11-29,Reinscrito,Chuburná,NA,NA,Licenciatura,Lic. en Admin. De Empresas,Matutino,2023-A
2019,UVA20194462,M,Mexicana,Cancún,2001-06-07,Reinscrito,NA,Conalep Mérida,Umán,Licenciatura,Lic. en Arquitectura,Matutino,2023-A
2019,UVA20193959,F,Mexicana,Cancún,2001-07-28,Nuevo,Itzimná,Prepa Abierta,NA,Licenciatura,Ing. Civil,Vespertino,2024-B
2019,UVA20191929,NA,Mexicana,NA,2000-05-17,Equivalencia,Centro,Preparatoria Estatal No. 1,NA,Ingeniería,Lic. en Fisioterapia,Matutino,2024-B
2019,UVA20193077,M,NA,NA,2001-06-04,Repetidor,Chuburná,NA,Kanasín,Licenciatura,Lic. en Fisioterapia,Matutino,Enero-Junio
2019,UVA20191833,F,Mexicana,Mérida,1996-10-23,Repetidor,Francisco De Montejo,NA,NA,Ingeniería,Lic. en Criminología,Matutino,2024-B
2019,UVA20198249,F,Mexicana,Valladolid,2000-12-04,Reinscrito,Centro,NA,"Mérida, Yucatán",Ingeniería,Lic. en Educación,Matutino,2023-A
2019,UVA20197001,NA,Mexicana,Tizimín,1999-10-24,Nuevo,Itzimná,Preparatoria Estatal No. 1,"Mérida, Yucatán",Ingeniería,Lic. en Fisioterapia,Vespertino,2023-A
2019,UVA20193632,F,NA,Cancún,1996-01-16,Repetidor,NA,Preparatoria Estatal No. 1,NA,Licenciatura,Lic. en Psicología,Matutino,Agosto-Diciembre
2019,UVA20194592,F,NA,Valladolid,2004-11-26,Nuevo,Itzimná,Conalep Mérida,"Mérida, Yucatán",Ingeniería,Ing. Civil,Vespertino,Agosto-Diciembre
2019,UVA20192806,F,Mexicana,Cancún,2002-01-23,Equivalencia,Chuburná,Conalep Mérida,"Mérida, Yucatán",Ingeniería,Lic. en Arquitectura,Vespertino,2023-A
2019,UVA20195138,F,Mexicana,Mérida,1997-11-07,Equivalencia,Centro,Conalep Mérida,Kanasín,Licenciatura,Lic. en Diseño De Modas,Vespertino,2023-A
2019,UVA20197503,M,NA,Mérida,2001-07-02,Repetidor,Francisco De Montejo,NA,"Mérida, Yucatán",Ingeniería,Lic. en Fisioterapia,Matutino,2023-A
2019,UVA20192473,M,Mexicana,Valladolid,2002-09-04,Reinscrito,Centro,Preparatoria Estatal No. 1,Tizimín,Ingeniería,Ing. en Procesos De Manufactura,Vespertino,2024-B
2019,UVA20194189,M,NA,NA,2001-07-07,Repetidor,Chuburná,NA,Tizimín,Ingeniería,Lic. en Derecho,Vespertino,2024-B
2019,UVA20197885,F,Mexicana,Tizimín,2005-07-25,Equivalencia,Centro,Prepa Abierta,"Mérida, Yucatán",Ingeniería,Lic. en Psicología,Matutino,Enero-Junio
2019,UVA20191597,F,Mexicana,Mérida,2000-11-16,Nuevo,Centro,NA,NA,Ingeniería,Lic. en Criminología,Matutino,Enero-Junio
2019,UVA20198513,NA,Mexicana,Cancún,2000-11-15,Nuevo,Centro,Cbtis 95,NA,Licenciatura,Ing. en Procesos De Manufactura,Vespertino,Agosto-Diciembre
2019,UVA20193692,F,Mexicana,Mérida,2004-04-03,Reinscrito,Centro,Conalep Mérida,Umán,Ingeniería,Lic. en Criminología,Matutino,2024-B
2019,UVA20197203,NA,NA,Tizimín,1998-07-06,Reinscrito,Chuburná,NA,"Mérida, Yucatán",Ingeniería,Lic. en Admin. De Empresas,Matutino,Enero-Junio
2019,UVA20198351,F,Mexicana,Cancún,1999-12-31,Reinscrito,Centro,NA,Tizimín,Ingeniería,Lic. en Gastronomía,Vespertino,Agosto-Diciembre
2019,UVA20195606,M,NA,Tizimín,1995-04-09,Reinscrito,Itzimná,NA,NA,Licenciatura,Lic. en Derecho,Vespertino,2024-B
2019,UVA20198548,M,Mexicana,Cancún,1998-10-28,Repetidor,Francisco De Montejo,Conalep Mérida,NA,Licenciatura,Lic. en Odontología,Vespertino,2024-B
2019,UVA20195338,F,Mexicana,NA,1998-10-02,Nuevo,Centro,Prepa Abierta,Tizimín,Licenciatura,Lic. en Nutrición,Vespertino,2023-A
2019,UVA20195692,M,Mexicana,Cancún,1995-04-22,Nuevo,Centro,Cbtis 95,Kanasín,Licenciatura,Lic. en Contabilidad,Matutino,Agosto-Diciembre
2019,UVA20196198,M,Mexicana,Tizimín,1998-05-07,Nuevo,Centro,Conalep Mérida,"Mérida, Yucatán",Ingeniería,Lic. en Odontología,Matutino,2023-A
2019,UVA20198633,F,NA,Mérida,1995-06-15,Nuevo,Itzimná,Prepa Abierta,"Mérida, Yucatán",Ingeniería,Lic. en Arquitectura,Matutino,Enero-Junio
2019,UVA20193854,M,NA,NA,2001-10-23,Reinscrito,Centro,Cbtis 95,NA,Ingeniería,Lic. en Gastronomía,Matutino,2024-B
2019,UVA20195792,M,NA,Mérida,1999-02-24,Repetidor,NA,Conalep Mérida,Kanasín,Licenciatura,Ing. Civil,Matutino,Agosto-Diciembre
2019,UVA20196967,M,NA,Valladolid,2001-10-25,Reinscrito,Centro,Cbtis 95,Kanasín,Ingeniería,Lic. en Derecho,Matutino,2024-B
2019,UVA20198782,F,NA,Tizimín,2000-11-19,Repetidor,Chuburná,Cbtis 95,Umán,Licenciatura,Lic. en Nutrición,Vespertino,2023-A
2019,UVA20198184,F,Mexicana,NA,2002-02-28,Reinscrito,Itzimná,Cbtis 95,NA,Licenciatura,Lic. en Criminología,Matutino,Agosto-Diciembre
2019,UVA20198290,F,Mexicana,Valladolid,2000-07-07,Equivalencia,Centro,NA,Umán,Licenciatura,Ing. Civil,Matutino,Agosto-Diciembre
2019,UVA20197470,F,Mexicana,Tizimín,1998-08-28,Repetidor,Francisco De Montejo,Preparatoria Estatal No. 1,"Mérida, Yucatán",Ingeniería,Lic. en Gastronomía,Matutino,2024-B
2019,UVA20199598,F,NA,Mérida,1997-10-24,Nuevo,Centro,Conalep Mérida,Kanasín,Ingeniería,Lic. en Arquitectura,Matutino,2023-A
2019,UVA20191232,NA,Mexicana,Tizimín,1997-03-04,Equivalencia,Centro,NA,Umán,Licenciatura,Lic. en Diseño De Modas,Vespertino,Enero-Junio
2019,UVA20196499,M,Mexicana,Cancún,2004-03-07,Nuevo,Centro,Conalep Mérida,"Mérida, Yucatán",Licenciatura,Lic. en Nutrición,Vespertino,2023-A
2019,UVA20197942,M,Mexicana,NA,2003-08-12,Nuevo,Centro,Conalep Mérida,Tizimín,Ingeniería,Ing. Civil,Vespertino,2024-B
2019,UVA20197597,NA,Mexicana,Cancún,2005-04-03,Reinscrito,NA,Preparatoria Estatal No. 1,NA,Ingeniería,Lic. en Arquitectura,Vespertino,2024-B
2019,UVA20198148,M,Mexicana,Tizimín,2003-04-01,Repetidor,Centro,Cbtis 95,Tizimín,Ingeniería,Lic. en Odontología,Matutino,2023-A
2019,UVA20196603,NA,Mexicana,Valladolid,1997-03-12,Repetidor,Centro,Preparatoria Estatal No. 1,"Mérida, Yucatán",Ingeniería,Lic. en Gastronomía,Vespertino,2023-A
2019,UVA20197381,F,Mexicana,Mérida,1995-01-18,Equivalencia,Itzimná,Conalep Mérida,Kanasín,Ingeniería,Lic. en Psicología,Matutino,2023-A
2019,UVA20192884,M,Mexicana,Cancún,2002-09-16,Repetidor,Centro,NA,Kanasín,Licenciatura,Lic. en Arquitectura,Matutino,Agosto-Diciembre
2019,UVA20194680,M,Mexicana,Valladolid,2001-03-26,Repetidor,NA,Cbtis 95,"Mérida, Yucatán",Ingeniería,Lic. en Criminología,Matutino,Enero-Junio
2019,UVA20191159,M,Mexicana,Valladolid,2004-11-22,Repetidor,Centro,Cbtis 95,Tizimín,Ingeniería,Lic. en Gastronomía,Matutino,2024-B
2019,UVA20198341,M,Mexicana,Valladolid,2003-03-21,Repetidor,Centro,Cbtis 95,Umán,Licenciatura,Lic. en Fisioterapia,Matutino,2023-A
2019,UVA20195032,F,Mexicana,Valladolid,1998-11-10,Nuevo,Centro,Preparatoria Estatal No. 1,NA,Ingeniería,Lic. en Psicología,Matutino,2024-B
2019,UVA20193869,M,NA,NA,1999-08-25,Reinscrito,Centro,Conalep Mérida,Kanasín,Ingeniería,Lic. en Nutrición,Matutino,Agosto-Diciembre
2019,UVA20199217,M,NA,Valladolid,2000-07-16,Nuevo,Itzimná,Conalep Mérida,Tizimín,Ingeniería,Lic. en Criminología,Vespertino,2023-A
2019,UVA20196636,M,NA,NA,1995-03-17,Equivalencia,Itzimná,Cbtis 95,NA,Ingeniería,Lic. en Derecho,Vespertino,2024-B
2019,UVA20197506,NA,Mexicana,Tizimín,2000-06-20,Reinscrito,Chuburná,Cbtis 95,NA,Ingeniería,Lic. en Fisioterapia,Matutino,2024-B
2019,UVA20193869,M,Mexicana,Valladolid,1996-02-17,Reinscrito,Francisco De Montejo,NA,"Mérida, Yucatán",Ingeniería,Lic. en Contabilidad,Matutino,Agosto-Diciembre
2019,UVA20199806,M,NA,Cancún,2002-02-11,Nuevo,Chuburná,Cbtis 95,"Mérida, Yucatán",Licenciatura,Lic. en Contabilidad,Matutino,2023-A
2019,UVA20192805,M,Mexicana,Mérida,2001-03-22,Reinscrito,Itzimná,Cbtis 95,"Mérida, Yucatán",Ingeniería,Lic. en Contabilidad,Vespertino,2023-A
2019,UVA20191856,M,Mexicana,Valladolid,2005-09-20,Nuevo,Centro,NA,Umán,Ingeniería,Lic. en Educación,Matutino,Enero-Junio
2019,UVA20196153,M,NA,Mérida,2005-08-15,Reinscrito,NA,Cbtis 95,"Mérida, Yucatán",Licenciatura,Lic. en Derecho,Vespertino,Agosto-Diciembre
2019,UVA20192888,NA,Mexicana,Valladolid,2004-04-22,Equivalencia,Centro,Prepa Abierta,NA,Ingeniería,Lic. en Fisioterapia,Vespertino,2024-B
2019,UVA20198898,M,Mexicana,Tizimín,1997-06-24,Equivalencia,Itzimná,NA,Tizimín,Licenciatura,Lic. en Diseño De Modas,Vespertino,Enero-Junio
2019,UVA20195239,F,Mexicana,Mérida,1999-11-25,Nuevo,Chuburná,NA,Kanasín,Ingeniería,Lic. en Criminología,Vespertino,2023-A
2019,UVA20191740,F,Mexicana,NA,1995-07-16,Nuevo,Centro,Preparatoria Estatal No. 1,"Mérida, Yucatán",Licenciatura,Lic. en Diseño De Modas,Vespertino,2023-A
2019,UVA20191026,F,NA,Mérida,2003-09-06,Nuevo,Itzimná,Prepa Abierta,"Mérida, Yucatán",Ingeniería,Lic. en Psicología,Vespertino,2023-A
2019,UVA20196246,M,NA,Tizimín,1995-08-23,Reinscrito,Itzimná,Cbtis 95,NA,Ingeniería,Ing. Civil,Vespertino,Enero-Junio
2019,UVA20196207,F,Mexicana,NA,2000-10-08,Repetidor,Francisco De Montejo,Cbtis 95,Umán,Licenciatura,Lic. en Fisioterapia,Matutino,2024-B
2019,UVA20192671,F,NA,Mérida,1995-02-28,Equivalencia,Francisco De Montejo,Prepa Abierta,NA,Ingeniería,Lic. en Criminología,Matutino,Enero-Junio
2019,UVA20191601,F,NA,Valladolid,2003-04-14,Equivalencia,Centro,Preparatoria Estatal No. 1,"Mérida, Yucatán",Ingeniería,Ing. en Procesos De Manufactura,Vespertino,2023-A
2019,UVA20195439,NA,Mexicana,NA,2002-01-21,Reinscrito,Chuburná,NA,"Mérida, Yucatán",Ingeniería,Lic. en Nutrición,Matutino,2024-B
2019,UVA20193059,M,Mexicana,Mérida,2003-01-22,Reinscrito,Itzimná,Conalep Mérida,Umán,Licenciatura,Lic. en Psicología,Vespertino,Enero-Junio
2019,UVA20193042,M,Mexicana,Valladolid,1995-12-26,Nuevo,Centro,Conalep Mérida,Tizimín,Ingeniería,Lic. en Contabilidad,Vespertino,Enero-Junio
2019,UVA20192548,M,Mexicana,Valladolid,1996-03-27,Reinscrito,Chuburná,Conalep Mérida,Kanasín,Licenciatura,Lic. en Admin. De Empresas,Vespertino,2024-B
2019,UVA20198516,F,Mexicana,Valladolid,2005-06-24,Repetidor,Francisco De Montejo,NA,"Mérida, Yucatán",Licenciatura,Lic. en Criminología,Vespertino,2023-A
2019,UVA20193007,F,Mexicana,NA,1997-10-03,Reinscrito,Centro,NA,Tizimín,Ingeniería,Lic. en Psicología,Matutino,2023-A
2019,UVA20193264,F,NA,Valladolid,2002-05-01,Nuevo,Itzimná,Conalep Mérida,Umán,Licenciatura,Lic. en Nutrición,Matutino,2024-B
2019,UVA20197500,M,Mexicana,NA,2004-06-15,Reinscrito,Centro,Preparatoria Estatal No. 1,Kanasín,Ingeniería,Lic. en Nutrición,Vespertino,2024-B
2019,UVA20197363,F,Mexicana,Mérida,1997-02-23,Repetidor,Chuburná,Prepa Abierta,NA,Ingeniería,Ing. en Procesos De Manufactura,Matutino,2024-B
2019,UVA20193945,M,NA,Cancún,2001-07-26,Repetidor,NA,Preparatoria Estatal No. 1,NA,Ingeniería,Ing. Civil,Matutino,2023-A
2019,UVA20192233,F,Mexicana,NA,1997-03-16,Nuevo,Francisco De Montejo,NA,NA,Licenciatura,Lic. en Odontología,Vespertino,Agosto-Diciembre
2019,UVA20194091,F,Mexicana,Mérida,1995-08-04,Equivalencia,Francisco De Montejo,Cbtis 95,Kanasín,Ingeniería,Lic. en Nutrición,Matutino,Agosto-Diciembre
2019,UVA20196146,M,NA,NA,1998-02-28,Nuevo,Centro,Preparatoria Estatal No. 1,"Mérida, Yucatán",Licenciatura,Lic. en Admin. De Empresas,Matutino,Enero-Junio
2019,UVA20193941,F,Mexicana,Valladolid,1997-02-24,Reinscrito,NA,NA,"Mérida, Yucatán",Licenciatura,Lic. en Diseño De Modas,Matutino,2023-A
2019,UVA20192480,M,Mexicana,Valladolid,2001-02-15,Repetidor,Chuburná,NA,Kanasín,Ingeniería,Ing. Civil,Matutino,2023-A
2019,UVA20191854,F,Mexicana,NA,2001-06-03,Reinscrito,Itzimná,Conalep Mérida,NA,Licenciatura,Lic. en Psicología,Matutino,2024-B
2019,UVA20196792,F,NA,Mérida,2002-09-03,Equivalencia,Itzimná,NA,Tizimín,Licenciatura,Lic. en Educación,Matutino,2024-B
2019,UVA20197948,NA,Mexicana,Tizimín,2005-04-17,Nuevo,NA,NA,NA,Ingeniería,Lic. en Odontología,Matutino,2024-B
2019,UVA20196630,F,Mexicana,Valladolid,1996-09-21,Equivalencia,Itzimná,Prepa Abierta,Tizimín,Licenciatura,Lic. en Derecho,Vespertino,Agosto-Diciembre
2019,UVA20192499,M,Mexicana,Mérida,2000-12-23,Nuevo,Chuburná,Preparatoria Estatal No. 1,Umán,Licenciatura,Lic. en Admin. De Empresas,Vespertino,Agosto-Diciembre
2019,UVA20199759,F,Mexicana,Cancún,1995-04-30,Equivalencia,Itzimná,Preparatoria Estatal No. 1,Umán,Ingeniería,Lic. en Fisioterapia,Matutino,Enero-Junio
2019,UVA20196107,F,Mexicana,Mérida,2003-06-17,Reinscrito,Francisco De Montejo,Cbtis 95,Umán,Ingeniería,Lic. en Admin. De Empresas,Matutino,Enero-Junio
2019,UVA20193342,M,Mexicana,NA,1996-11-09,Repetidor,NA,Conalep Mérida,Tizimín,Ingeniería,Lic. en Arquitectura,Matutino,2023-A
2019,UVA20197845,NA,Mexicana,Tizimín,2004-05-28,Repetidor,Chuburná,Prepa Abierta,Kanasín,Licenciatura,Lic. en Nutrición,Vespertino,Agosto-Diciembre
2019,UVA20195003,M,Mexicana,Tizimín,2005-07-31,Reinscrito,Centro,Conalep Mérida,Umán,Ingeniería,Lic. en Psicología,Vespertino,2024-B
2019,UVA20199095,F,Mexicana,Tizimín,2000-12-05,Reinscrito,Francisco De Montejo,Prepa Abierta,Kanasín,Licenciatura,Lic. en Odontología,Vespertino,Agosto-Diciembre
2019,UVA20191151,M,Mexicana,Tizimín,1997-10-17,Nuevo,NA,Preparatoria Estatal No. 1,Tizimín,Licenciatura,Lic. en Psicología,Vespertino,Enero-Junio
2019,UVA20193201,M,NA,NA,1999-09-16,Reinscrito,Itzimná,Cbtis 95,Kanasín,Licenciatura,Lic. en Admin. De Empresas,Matutino,2024-B
2019,UVA20196874,M,Mexicana,Mérida,1995-10-07,Reinscrito,Chuburná,NA,"Mérida, Yucatán",Licenciatura,Ing. Civil,Vespertino,2023-A
2019,UVA20197698,F,NA,Tizimín,2000-09-16,Nuevo,Francisco De Montejo,Conalep Mérida,Umán,Ingeniería,Lic. en Admin. De Empresas,Vespertino,2023-A
2019,UVA20194220,M,Mexicana,Tizimín,2005-06-12,Nuevo,NA,Prepa Abierta,NA,Licenciatura,Lic. en Gastronomía,Matutino,2023-A
2019,UVA20192229,M,Mexicana,Tizimín,1996-05-29,Equivalencia,Centro,Conalep Mérida,NA,Ingeniería,Lic. en Enfermería,Vespertino,2023-A
2019,UVA20195128,F,Mexicana,Mérida,1996-07-28,Equivalencia,Centro,Preparatoria Estatal No. 1,Umán,Licenciatura,Lic. en Arquitectura,Vespertino,Enero-Junio
2019,UVA20198421,M,Mexicana,NA,1998-10-12,Equivalencia,Francisco De Montejo,NA,NA,Ingeniería,Lic. en Psicología,Vespertino,Agosto-Diciembre
2019,UVA20191271,M,Mexicana,Tizimín,1995-01-06,Reinscrito,Itzimná,Prepa Abierta,"Mérida, Yucatán",Licenciatura,Lic. en Fisioterapia,Matutino,Enero-Junio
2019,UVA20198534,F,Mexicana,Tizimín,1998-04-09,Equivalencia,Chuburná,NA,"Mérida, Yucatán",Licenciatura,Lic. en Enfermería,Matutino,2024-B
2019,UVA20199739,M,Mexicana,Cancún,1998-06-16,Reinscrito,NA,Preparatoria Estatal No. 1,Umán,Ingeniería,Lic. en Psicología,Vespertino,Agosto-Diciembre
2019,UVA20193943,M,NA,Cancún,1997-03-25,Nuevo,NA,Conalep Mérida,NA,Ingeniería,Lic. en Derecho,Matutino,Enero-Junio
2019,UVA20195977,NA,NA,Tizimín,1998-03-19,Equivalencia,Chuburná,Preparatoria Estatal No. 1,"Mérida, Yucatán",Ingeniería,Lic. en Criminología,Matutino,2023-A
2019,UVA20192375,F,Mexicana,Mérida,1997-09-29,Nuevo,Chuburná,Preparatoria Estatal No. 1,"Mérida, Yucatán",Ingeniería,Lic. en Admin. De Empresas,Matutino,Agosto-Diciembre
2019,UVA20191191,NA,NA,Mérida,1998-03-15,Equivalencia,Itzimná,Preparatoria Estatal No. 1,Umán,Licenciatura,Lic. en Psicología,Vespertino,Enero-Junio
2019,UVA20196969,F,Mexicana,Mérida,1998-01-02,Equivalencia,Centro,NA,Umán,Ingeniería,Lic. en Psicología,Matutino,Agosto-Diciembre
2019,UVA20196365,F,Mexicana,Tizimín,2002-06-05,Repetidor,Centro,NA,Tizimín,Ingeniería,Lic. en Admin. De Empresas,Matutino,Agosto-Diciembre
2019,UVA20194209,F,Mexicana,Mérida,1998-04-19,Reinscrito,Centro,Prepa Abierta,"Mérida, Yucatán",Ingeniería,Lic. en Enfermería,Matutino,2024-B
2019,UVA20191530,F,Mexicana,Mérida,1999-10-19,Repetidor,Centro,Prepa Abierta,NA,Licenciatura,Ing. en Procesos De Manufactura,Matutino,2024-B
2019,UVA20193066,M,Mexicana,Mérida,2003-07-05,Repetidor,Chuburná,NA,Kanasín,Licenciatura,Lic. en Enfermería,Matutino,2024-B
2019,UVA20192567,F,Mexicana,Cancún,1996-07-12,Equivalencia,Centro,Preparatoria Estatal No. 1,"Mérida, Yucatán",Licenciatura,Lic. en Gastronomía,Matutino,Agosto-Diciembre
2019,UVA20191565,F,Mexicana,Valladolid,1996-09-24,Reinscrito,Centro,Prepa Abierta,Umán,Ingeniería,Lic. en Derecho,Vespertino,2024-B
2019,UVA20199143,F,Mexicana,Cancún,1999-06-24,Equivalencia,Francisco De Montejo,Preparatoria Estatal No. 1,"Mérida, Yucatán",Ingeniería,Lic. en Fisioterapia,Vespertino,Agosto-Diciembre
2019,UVA20198310,NA,Mexicana,NA,2000-10-17,Repetidor,Centro,Prepa Abierta,Tizimín,Ingeniería,Lic. en Contabilidad,Vespertino,2023-A
2019,UVA20197781,F,Mexicana,Valladolid,1999-01-09,Equivalencia,Itzimná,NA,Tizimín,Licenciatura,Lic. en Gastronomía,Matutino,2024-B
2019,UVA20197208,M,Mexicana,NA,2002-11-06,Nuevo,Chuburná,Prepa Abierta,Tizimín,Ingeniería,Ing. en Procesos De Manufactura,Matutino,Enero-Junio
2019,UVA20199026,F,Mexicana,Mérida,2000-11-04,Repetidor,Itzimná,Preparatoria Estatal No. 1,NA,Licenciatura,Lic. en Fisioterapia,Matutino,Agosto-Diciembre
2019,UVA20197211,M,Mexicana,Tizimín,2002-12-27,Nuevo,Chuburná,Prepa Abierta,Umán,Licenciatura,Lic. en Psicología,Vespertino,Agosto-Diciembre
2019,UVA20193421,F,Mexicana,Valladolid,2002-01-13,Equivalencia,Centro,Prepa Abierta,"Mérida, Yucatán",Ingeniería,Lic. en Diseño De Modas,Vespertino,2023-A
2019,UVA20198957,M,Mexicana,Cancún,2005-03-04,Reinscrito,Centro,NA,"Mérida, Yucatán",Ingeniería,Lic. en Psicología,Vespertino,2024-B
2019,UVA20198036,F,Mexicana,NA,1997-10-22,Repetidor,Itzimná,Preparatoria Estatal No. 1,"Mérida, Yucatán",Licenciatura,Lic. en Enfermería,Matutino,2023-A
2019,UVA20196381,F,Mexicana,Cancún,1995-08-13,Repetidor,Itzimná,NA,Umán,Ingeniería,Lic. en Psicología,Matutino,Enero-Junio
2019,UVA20197390,F,Mexicana,Mérida,2003-02-18,Repetidor,Centro,Cbtis 95,Kanasín,Licenciatura,Lic. en Arquitectura,Vespertino,Enero-Junio
2019,UVA20198931,M,Mexicana,Valladolid,1995-02-16,Repetidor,NA,Preparatoria Estatal No. 1,Umán,Licenciatura,Lic. en Contabilidad,Matutino,Enero-Junio
2019,UVA20195526,NA,Mexicana,NA,2003-12-15,Reinscrito,Itzimná,Conalep Mérida,NA,Licenciatura,Lic. en Educación,Vespertino,2024-B
2019,UVA20194558,F,Mexicana,Mérida,2001-09-21,Nuevo,Centro,Preparatoria Estatal No. 1,Tizimín,Ingeniería,Ing. Civil,Vespertino,Agosto-Diciembre
2019,UVA20197683,F,Mexicana,Valladolid,1997-09-28,Repetidor,Centro,NA,NA,Licenciatura,Lic. en Admin. De Empresas,Matutino,Enero-Junio
2019,UVA20194421,F,Mexicana,Tizimín,2000-08-22,Equivalencia,Chuburná,NA,Tizimín,Licenciatura,Lic. en Nutrición,Matutino,Enero-Junio
2019,UVA20198638,F,NA,Valladolid,2001-03-24,Equivalencia,Francisco De Montejo,Conalep Mérida,Tizimín,Ingeniería,Lic. en Educación,Vespertino,2024-B
2019,UVA20191026,M,Mexicana,Cancún,1997-10-01,Nuevo,Itzimná,Conalep Mérida,Tizimín,Licenciatura,Lic. en Odontología,Matutino,Enero-Junio
2019,UVA20192129,F,Mexicana,Cancún,2001-08-09,Reinscrito,Chuburná,Conalep Mérida,Kanasín,Licenciatura,Ing. Civil,Matutino,Enero-Junio
2019,UVA20197121,F,Mexicana,Mérida,1999-11-05,Equivalencia,NA,Prepa Abierta,NA,Licenciatura,Lic. en Enfermería,Matutino,Agosto-Diciembre
2019,UVA20191881,NA,NA,Tizimín,2003-04-18,Reinscrito,Itzimná,NA,Umán,Ingeniería,Lic. en Gastronomía,Matutino,2023-A
2019,UVA20196644,M,NA,Mérida,1997-04-02,Nuevo,Chuburná,NA,Tizimín,Ingeniería,Lic. en Derecho,Vespertino,Enero-Junio
2019,UVA20197562,M,Mexicana,Cancún,2005-02-19,Equivalencia,NA,Conalep Mérida,Umán,Licenciatura,Ing. Civil,Matutino,Agosto-Diciembre
2019,UVA20191297,F,Mexicana,Mérida,1995-02-04,Reinscrito,Itzimná,NA,Kanasín,Licenciatura,Ing. Civil,Vespertino,Agosto-Diciembre
2019,UVA20192370,M,Mexicana,Tizimín,1998-08-21,Reinscrito,Itzimná,Conalep Mérida,Tizimín,Licenciatura,Lic. en Nutrición,Matutino,Enero-Junio
2019,UVA20198147,M,NA,Tizimín,2003-08-28,Repetidor,Centro,Prepa Abierta,Kanasín,Ingeniería,Lic. en Enfermería,Matutino,Agosto-Diciembre
2019,UVA20193146,M,NA,Valladolid,1996-11-12,Reinscrito,Centro,Conalep Mérida,"Mérida, Yucatán",Ingeniería,Lic. en Odontología,Matutino,Agosto-Diciembre
2019,UVA20197451,F,Mexicana,Valladolid,1999-12-26,Repetidor,Itzimná,Prepa Abierta,"Mérida, Yucatán",Ingeniería,Lic. en Diseño De Modas,Vespertino,2023-A
2019,UVA20194289,M,Mexicana,Cancún,2005-02-22,Nuevo,NA,Prepa Abierta,Tizimín,Ingeniería,Lic. en Admin. De Empresas,Vespertino,Enero-Junio
2019,UVA20192483,M,Mexicana,Cancún,1995-10-20,Repetidor,Centro,NA,Umán,Ingeniería,Lic. en Criminología,Matutino,Agosto-Diciembre
2019,UVA20196544,NA,Mexicana,Valladolid,2004-09-19,Reinscrito,Centro,Prepa Abierta,Tizimín,Licenciatura,Lic. en Contabilidad,Vespertino,2023-A
2019,UVA20193186,F,Mexicana,Tizimín,2003-04-25,Equivalencia,NA,Cbtis 95,Tizimín,Ingeniería,Ing. en Procesos De Manufactura,Matutino,2024-B
2019,UVA20197067,F,NA,Mérida,2004-12-01,Equivalencia,Centro,NA,Umán,Licenciatura,Lic. en Educación,Matutino,2023-A
2019,UVA20196164,M,Mexicana,Mérida,2005-11-02,Nuevo,Centro,NA,"Mérida, Yucatán",Ingeniería,Lic. en Contabilidad,Matutino,Agosto-Diciembre
2019,UVA20194693,M,NA,Tizimín,1998-05-27,Repetidor,Francisco De Montejo,NA,Tizimín,Ingeniería,Lic. en Psicología,Vespertino,2024-B
2019,UVA20199340,M,Mexicana,Valladolid,1997-05-08,Equivalencia,Centro,Prepa Abierta,Kanasín,Licenciatura,Lic. en Arquitectura,Matutino,2023-A
2019,UVA20199846,F,Mexicana,NA,2002-04-25,Reinscrito,Itzimná,NA,Kanasín,Ingeniería,Lic. en Psicología,Matutino,Agosto-Diciembre
2019,UVA20191938,M,Mexicana,Cancún,1998-12-31,Reinscrito,Itzimná,Conalep Mérida,Kanasín,Ingeniería,Ing. en Procesos De Manufactura,Vespertino,Enero-Junio
2019,UVA20191554,M,Mexicana,Tizimín,2004-10-17,Repetidor,Centro,NA,Tizimín,Ingeniería,Lic. en Derecho,Matutino,2023-A
2019,UVA20194507,F,NA,Tizimín,2002-12-11,Reinscrito,Francisco De Montejo,Preparatoria Estatal No. 1,NA,Licenciatura,Lic. en Odontología,Vespertino,2023-A
2019,UVA20193593,F,NA,Mérida,2003-07-02,Nuevo,NA,Cbtis 95,"Mérida, Yucatán",Licenciatura,Ing. Civil,Matutino,Enero-Junio
2019,UVA20198471,M,NA,NA,1997-07-24,Equivalencia,Chuburná,Conalep Mérida,Tizimín,Ingeniería,Ing. en Procesos De Manufactura,Matutino,2024-B
2019,UVA20192268,F,Mexicana,Cancún,2002-10-28,Repetidor,NA,NA,Kanasín,Licenciatura,Lic. en Educación,Vespertino,Enero-Junio
2019,UVA20194053,M,Mexicana,Tizimín,1997-05-13,Reinscrito,Francisco De Montejo,Prepa Abierta,Umán,Licenciatura,Lic. en Criminología,Matutino,2024-B
2019,UVA20191845,F,Mexicana,Mérida,2004-11-06,Equivalencia,Centro,NA,Tizimín,Ingeniería,Lic. en Criminología,Vespertino,Enero-Junio
2019,UVA20193865,M,Mexicana,Tizimín,2000-08-11,Reinscrito,Chuburná,Cbtis 95,Tizimín,Licenciatura,Ing. Civil,Vespertino,Enero-Junio
2019,UVA20198247,M,Mexicana,Valladolid,1997-08-14,Repetidor,Centro,NA,Tizimín,Licenciatura,Ing. Civil,Matutino,Enero-Junio
2019,UVA20195957,M,NA,Mérida,1995-06-09,Repetidor,Chuburná,NA,Tizimín,Licenciatura,Lic. en Derecho,Matutino,2023-A
2019,UVA20196182,M,Mexicana,Valladolid,2005-02-22,Nuevo,Centro,NA,"Mérida, Yucatán",Licenciatura,Lic. en Criminología,Vespertino,Enero-Junio
2019,UVA20195824,F,NA,Mérida,2004-09-27,Nuevo,Centro,Cbtis 95,"Mérida, Yucatán",Licenciatura,Lic. en Diseño De Modas,Matutino,2023-A
2019,UVA20198106,M,NA,Valladolid,2002-03-06,Reinscrito,Chuburná,Cbtis 95,"Mérida, Yucatán",Ingeniería,Lic. en Educación,Matutino,2024-B
2019,UVA20196940,M,NA,Cancún,1995-10-04,Repetidor,Centro,NA,"Mérida, Yucatán",Ingeniería,Lic. en Nutrición,Vespertino,2024-B
2019,UVA20192763,F,NA,NA,1996-11-21,Equivalencia,NA,Preparatoria Estatal No. 1,Tizimín,Licenciatura,Lic. en Derecho,Vespertino,Agosto-Diciembre
2019,UVA20193797,M,Mexicana,Mérida,2003-10-21,Reinscrito,NA,NA,"Mérida, Yucatán",Licenciatura,Ing. Civil,Matutino,Agosto-Diciembre
2019,UVA20191124,F,NA,Cancún,2002-01-26,Reinscrito,Centro,Conalep Mérida,NA,Ingeniería,Lic. en Nutrición,Vespertino,2024-B
2019,UVA20197097,F,Mexicana,NA,1999-03-26,Nuevo,Itzimná,NA,NA,Ingeniería,Ing. en Procesos De Manufactura,Vespertino,2024-B
2019,UVA20193438,F,Mexicana,Valladolid,2001-03-01,Equivalencia,NA,NA,NA,Ingeniería,Lic. en Arquitectura,Vespertino,Agosto-Diciembre
2019,UVA20199337,F,Mexicana,Valladolid,2004-05-03,Reinscrito,Centro,Prepa Abierta,NA,Ingeniería,Lic. en Admin. De Empresas,Matutino,Agosto-Diciembre
2019,UVA20197773,F,Mexicana,Mérida,2001-05-03,Reinscrito,Itzimná,NA,Kanasín,Ingeniería,Ing. Civil,Matutino,2024-B
2019,UVA20199568,M,NA,Mérida,1996-01-05,Repetidor,NA,NA,NA,Licenciatura,Ing. Civil,Vespertino,2023-A
2019,UVA20192409,NA,Mexicana,Mérida,1997-11-18,Repetidor,Francisco De Montejo,NA,Tizimín,Ingeniería,Lic. en Admin. De Empresas,Matutino,Enero-Junio
2019,UVA20195660,F,Mexicana,Mérida,1997-08-16,Nuevo,Centro,Cbtis 95,Kanasín,Ingeniería,Lic. en Criminología,Vespertino,2023-A
2019,UVA20195889,M,Mexicana,NA,2004-02-02,Nuevo,Francisco De Montejo,Conalep Mérida,"Mérida, Yucatán",Licenciatura,Lic. en Derecho,Matutino,2024-B
2019,UVA20193851,F,Mexicana,Mérida,1999-11-13,Repetidor,Centro,Preparatoria Estatal No. 1,NA,Licenciatura,Lic. en Derecho,Vespertino,2024-B
2019,UVA20192109,F,NA,Cancún,2000-08-18,Repetidor,Chuburná,Preparatoria Estatal No. 1,NA,Ingeniería,Lic. en Contabilidad,Vespertino,Enero-Junio
2019,UVA20197308,F,NA,Tizimín,1998-09-24,Repetidor,Francisco De Montejo,NA,"Mérida, Yucatán",Licenciatura,Lic. en Odontología,Matutino,2023-A
2019,UVA20195727,F,Mexicana,Valladolid,2002-06-07,Repetidor,Chuburná,NA,NA,Ingeniería,Ing. Civil,Matutino,2023-A
2019,UVA20199810,F,NA,Cancún,2001-10-18,Nuevo,Centro,Cbtis 95,NA,Ingeniería,Lic. en Diseño De Modas,Vespertino,2024-B
2019,UVA20197460,NA,NA,Mérida,2004-04-28,Nuevo,Chuburná,NA,NA,Licenciatura,Lic. en Admin. De Empresas,Vespertino,2024-B
2019,UVA20197095,F,Mexicana,NA,2004-07-05,Repetidor,Itzimná,Preparatoria Estatal No. 1,"Mérida, Yucatán",Ingeniería,Ing. Civil,Vespertino,2023-A
2019,UVA20199409,M,NA,Valladolid,1997-02-19,Nuevo,Centro,Preparatoria Estatal No. 1,"Mérida, Yucatán",Licenciatura,Lic. en Nutrición,Matutino,Agosto-Diciembre
2019,UVA20196402,F,Mexicana,Tizimín,1997-06-26,Repetidor,Centro,Preparatoria Estatal No. 1,Umán,Licenciatura,Lic. en Odontología,Matutino,Agosto-Diciembre
2019,UVA20199444,M,Mexicana,NA,2005-05-27,Repetidor,Centro,Conalep Mérida,NA,Ingeniería,Lic. en Psicología,Vespertino,2023-A
2019,UVA20191020,NA,Mexicana,Cancún,2005-10-12,Reinscrito,Centro,Conalep Mérida,NA,Ingeniería,Ing. en Procesos De Manufactura,Vespertino,Enero-Junio
2019,UVA20196069,F,NA,Valladolid,1996-09-02,Repetidor,Centro,NA,"Mérida, Yucatán",Licenciatura,Lic. en Arquitectura,Matutino,Enero-Junio
2019,UVA20194953,M,Mexicana,NA,2004-02-05,Reinscrito,NA,NA,Kanasín,Licenciatura,Lic. en Arquitectura,Vespertino,Agosto-Diciembre
2019,UVA20196201,NA,Mexicana,NA,1995-10-26,Nuevo,Centro,Preparatoria Estatal No. 1,NA,Licenciatura,Lic. en Enfermería,Matutino,2024-B
2019,UVA20192204,F,NA,Valladolid,2005-08-30,Reinscrito,NA,Preparatoria Estatal No. 1,NA,Licenciatura,Lic. en Derecho,Vespertino,2023-A
2019,UVA20195499,M,Mexicana,Valladolid,2005-10-05,Repetidor,Chuburná,Preparatoria Estatal No. 1,"Mérida, Yucatán",Licenciatura,Lic. en Admin. De Empresas,Vespertino,2023-A
2019,UVA20195301,M,Mexicana,Mérida,2001-09-02,Repetidor,Centro,NA,Umán,Ingeniería,Lic. en Criminología,Vespertino,Agosto-Diciembre
2019,UVA20196827,M,Mexicana,Mérida,2005-11-03,Nuevo,Centro,NA,NA,Licenciatura,Ing. Civil,Matutino,Agosto-Diciembre
2019,UVA20195089,F,NA,NA,2001-11-24,Nuevo,Chuburná,NA,Umán,Licenciatura,Lic. en Contabilidad,Vespertino,Enero-Junio
2019,UVA20199093,F,Mexicana,Mérida,2003-03-31,Repetidor,Centro,Conalep Mérida,"Mérida, Yucatán",Licenciatura,Lic. en Psicología,Matutino,2023-A
2019,UVA20199536,F,NA,Valladolid,2002-03-31,Nuevo,Centro,NA,NA,Ingeniería,Lic. en Admin. De Empresas,Vespertino,Agosto-Diciembre
2019,UVA20192739,M,Mexicana,NA,2005-09-24,Repetidor,Centro,Cbtis 95,NA,Licenciatura,Lic. en Contabilidad,Vespertino,Agosto-Diciembre
2019,UVA20195871,M,Mexicana,Valladolid,2004-09-13,Repetidor,Centro,NA,NA,Ingeniería,Lic. en Arquitectura,Vespertino,Enero-Junio
2019,UVA20198320,M,NA,NA,1997-12-07,Reinscrito,Chuburná,Cbtis 95,NA,Licenciatura,Lic. en Nutrición,Vespertino,Enero-Junio
2019,UVA20196340,M,NA,Cancún,2005-12-26,Equivalencia,Francisco De Montejo,NA,"Mérida, Yucatán",Ingeniería,Lic. en Admin. De Empresas,Vespertino,Agosto-Diciembre
2019,UVA20194343,F,NA,NA,2004-05-16,Reinscrito,Itzimná,NA,Tizimín,Ingeniería,Lic. en Contabilidad,Vespertino,2023-A
2019,UVA20191434,M,Mexicana,Valladolid,1996-09-13,Reinscrito,Centro,Preparatoria Estatal No. 1,Kanasín,Licenciatura,Lic. en Arquitectura,Matutino,Enero-Junio
2019,UVA20192774,M,Mexicana,Mérida,1998-11-24,Equivalencia,NA,NA,Kanasín,Licenciatura,Ing. Civil,Vespertino,Enero-Junio
2019,UVA20196221,M,NA,Tizimín,2005-10-27,Nuevo,Centro,NA,Kanasín,Ingeniería,Lic. en Contabilidad,Vespertino,Agosto-Diciembre
2019,UVA20192288,M,NA,NA,2004-06-19,Nuevo,Itzimná,Cbtis 95,NA,Licenciatura,Lic. en Diseño De Modas,Vespertino,2023-A
2019,UVA20193648,F,Mexicana,Mérida,1998-05-27,Nuevo,Centro,NA,Umán,Licenciatura,Lic. en Contabilidad,Matutino,2024-B
2019,UVA20192516,M,Mexicana,Tizimín,2000-08-16,Repetidor,Itzimná,NA,Tizimín,Ingeniería,Lic. en Derecho,Matutino,2023-A
2019,UVA20196076,F,Mexicana,Cancún,2000-01-05,Nuevo,Itzimná,Preparatoria Estatal No. 1,Umán,Ingeniería,Ing. Civil,Matutino,2024-B
2019,UVA20197030,M,NA,Valladolid,1996-01-12,Repetidor,NA,Cbtis 95,Kanasín,Ingeniería,Ing. Civil,Vespertino,Agosto-Diciembre
2019,UVA20198885,F,Mexicana,NA,1995-06-18,Nuevo,Francisco De Montejo,Conalep Mérida,Umán,Ingeniería,Lic. en Psicología,Vespertino,Agosto-Diciembre
2019,UVA20193734,M,Mexicana,Mérida,1995-12-29,Repetidor,Itzimná,Preparatoria Estatal No. 1,"Mérida, Yucatán",Ingeniería,Lic. en Educación,Vespertino,Agosto-Diciembre
2019,UVA20192366,M,NA,Cancún,1999-09-24,Equivalencia,Centro,Conalep Mérida,Kanasín,Ingeniería,Lic. en Educación,Vespertino,2023-A
2019,UVA20193915,F,Mexicana,NA,1998-11-09,Repetidor,Francisco De Montejo,Cbtis 95,Tizimín,Ingeniería,Lic. en Contabilidad,Matutino,2023-A
2019,UVA20198077,NA,Mexicana,NA,1996-05-11,Repetidor,Itzimná,NA,NA,Licenciatura,Lic. en Diseño De Modas,Vespertino,Enero-Junio
2019,UVA20191548,F,NA,Mérida,1998-12-15,Nuevo,Centro,Conalep Mérida,Kanasín,Licenciatura,Lic. en Criminología,Matutino,2023-A
2019,UVA20193127,M,Mexicana,Cancún,1997-01-01,Nuevo,Chuburná,Cbtis 95,Tizimín,Ingeniería,Lic. en Educación,Matutino,Agosto-Diciembre
2019,UVA20197847,F,NA,Valladolid,1995-03-09,Equivalencia,Itzimná,Conalep Mérida,Tizimín,Licenciatura,Lic. en Diseño De Modas,Vespertino,Enero-Junio
2019,UVA20199379,M,Mexicana,Valladolid,2003-04-16,Repetidor,Centro,NA,NA,Ingeniería,Lic. en Criminología,Matutino,Enero-Junio
2019,UVA20192662,M,Mexicana,Tizimín,1996-03-31,Nuevo,Itzimná,NA,NA,Licenciatura,Lic. en Psicología,Matutino,2023-A
2019,UVA20199658,M,Mexicana,Cancún,1995-05-28,Repetidor,Francisco De Montejo,Prepa Abierta,Umán,Ingeniería,Ing. Civil,Matutino,2023-A
2019,UVA20197203,M,Mexicana,Mérida,2003-08-15,Reinscrito,Centro,Preparatoria Estatal No. 1,Umán,Licenciatura,Lic. en Admin. De Empresas,Matutino,2024-B
2019,UVA20197316,M,NA,NA,1998-03-08,Repetidor,Itzimná,Conalep Mérida,"Mérida, Yucatán",Ingeniería,Lic. en Fisioterapia,Matutino,Agosto-Diciembre
2019,UVA20193184,F,NA,Tizimín,1995-02-02,Nuevo,Centro,NA,Umán,Licenciatura,Lic. en Gastronomía,Matutino,2023-A
2019,UVA20194760,F,Mexicana,Tizimín,2002-07-04,Repetidor,Chuburná,Prepa Abierta,Tizimín,Ingeniería,Ing. en Procesos De Manufactura,Matutino,Agosto-Diciembre
2019,UVA20195780,M,NA,Cancún,2005-09-18,Nuevo,Centro,Cbtis 95,"Mérida, Yucatán",Licenciatura,Lic. en Fisioterapia,Vespertino,2023-A
2019,UVA20192704,NA,Mexicana,Mérida,1997-02-18,Repetidor,Centro,Preparatoria Estatal No. 1,NA,Ingeniería,Lic. en Odontología,Vespertino,2023-A
2019,UVA20195869,M,NA,Valladolid,2001-12-18,Repetidor,Centro,Preparatoria Estatal No. 1,NA,Licenciatura,Lic. en Contabilidad,Vespertino,2024-B
2019,UVA20199076,M,Mexicana,Cancún,1997-01-16,Equivalencia,NA,Prepa Abierta,"Mérida, Yucatán",Ingeniería,Lic. en Odontología,Vespertino,Agosto-Diciembre
2019,UVA20199628,M,Mexicana,Cancún,2000-01-31,Reinscrito,Chuburná,Preparatoria Estatal No. 1,Umán,Licenciatura,Lic. en Enfermería,Matutino,Agosto-Diciembre
2019,UVA20199397,M,NA,Valladolid,2005-12-22,Repetidor,Centro,NA,"Mérida, Yucatán",Ingeniería,Ing. Civil,Matutino,2024-B
2019,UVA20198337,M,Mexicana,Mérida,2003-08-20,Reinscrito,Francisco De Montejo,Conalep Mérida,Tizimín,Ingeniería,Lic. en Nutrición,Vespertino,2024-B
2019,UVA20199809,NA,NA,Cancún,2005-02-23,Repetidor,Centro,NA,"Mérida, Yucatán",Licenciatura,Lic. en Nutrición,Matutino,2023-A
2019,UVA20195143,M,Mexicana,Tizimín,1996-10-16,Repetidor,Centro,NA,NA,Licenciatura,Lic. en Criminología,Vespertino,2023-A
2019,UVA20191344,F,NA,Mérida,1999-02-07,Repetidor,Centro,NA,Umán,Ingeniería,Ing. en Procesos De Manufactura,Matutino,Agosto-Diciembre
2019,UVA20198343,F,Mexicana,Valladolid,1997-10-08,Reinscrito,NA,Cbtis 95,Kanasín,Ingeniería,Ing. Civil,Matutino,Agosto-Diciembre
2019,UVA20199797,F,NA,Mérida,2005-12-09,Reinscrito,Chuburná,Prepa Abierta,Umán,Ingeniería,Lic. en Fisioterapia,Vespertino,2023-A
2019,UVA20196433,M,NA,Cancún,2003-06-14,Repetidor,Centro,Conalep Mérida,Kanasín,Licenciatura,Ing. en Procesos De Manufactura,Vespertino,2024-B
2019,UVA20194151,M,Mexicana,Tizimín,1997-07-05,Nuevo,Itzimná,Preparatoria Estatal No. 1,Tizimín,Licenciatura,Lic. en Arquitectura,Matutino,2024-B
2019,UVA20191305,F,Mexicana,NA,2002-01-06,Repetidor,Francisco De Montejo,Cbtis 95,Kanasín,Ingeniería,Lic. en Nutrición,Vespertino,Enero-Junio
2019,UVA20198631,F,Mexicana,NA,2003-05-02,Equivalencia,Francisco De Montejo,NA,Umán,Ingeniería,Ing. Civil,Vespertino,Agosto-Diciembre
2019,UVA20195675,M,Mexicana,Mérida,2000-10-09,Reinscrito,Itzimná,Conalep Mérida,Umán,Ingeniería,Lic. en Arquitectura,Matutino,Enero-Junio
2019,UVA20192825,M,NA,Tizimín,2002-10-28,Reinscrito,Centro,Preparatoria Estatal No. 1,Umán,Licenciatura,Lic. en Enfermería,Vespertino,2024-B
2019,UVA20199532,M,NA,NA,2004-02-11,Nuevo,Francisco De Montejo,Prepa Abierta,Tizimín,Ingeniería,Lic. en Psicología,Matutino,Enero-Junio
2019,UVA20199039,M,Mexicana,NA,1999-10-11,Reinscrito,Chuburná,Prepa Abierta,Kanasín,Ingeniería,Lic. en Admin. De Empresas,Matutino,Enero-Junio
2019,UVA20198376,M,NA,Mérida,2000-10-03,Repetidor,Itzimná,Cbtis 95,Umán,Ingeniería,Lic. en Odontología,Vespertino,Enero-Junio
2019,UVA20193043,NA,NA,Tizimín,1997-09-27,Reinscrito,Francisco De Montejo,Prepa Abierta,Kanasín,Licenciatura,Lic. en Educación,Vespertino,2023-A
2019,UVA20196434,M,Mexicana,Valladolid,1999-03-27,Nuevo,Francisco De Montejo,Prepa Abierta,Kanasín,Ingeniería,Lic. en Nutrición,Vespertino,Enero-Junio
2019,UVA20195206,M,NA,NA,1995-07-15,Repetidor,Itzimná,Preparatoria Estatal No. 1,NA,Licenciatura,Ing. Civil,Vespertino,Agosto-Diciembre
2019,UVA20195608,M,Mexicana,NA,1998-06-15,Reinscrito,Itzimná,Conalep Mérida,Tizimín,Ingeniería,Lic. en Criminología,Matutino,Enero-Junio
2019,UVA20196115,M,NA,Cancún,2000-04-20,Nuevo,Itzimná,Prepa Abierta,"Mérida, Yucatán",Ingeniería,Ing. Civil,Vespertino,Agosto-Diciembre
2019,UVA20199410,M,Mexicana,Cancún,2003-10-03,Equivalencia,NA,Preparatoria Estatal No. 1,Umán,Ingeniería,Lic. en Educación,Matutino,Agosto-Diciembre
2019,UVA20193861,F,NA,NA,2000-06-30,Reinscrito,Centro,Conalep Mérida,Tizimín,Licenciatura,Lic. en Gastronomía,Vespertino,2024-B
2019,UVA20196339,NA,Mexicana,NA,1998-03-08,Repetidor,Itzimná,NA,Kanasín,Licenciatura,Lic. en Psicología,Vespertino,Enero-Junio
2019,UVA20193586,M,Mexicana,Tizimín,1997-08-09,Nuevo,Francisco De Montejo,NA,Kanasín,Ingeniería,Lic. en Arquitectura,Matutino,Enero-Junio
2019,UVA20193841,F,Mexicana,Valladolid,2001-05-19,Nuevo,Centro,Conalep Mérida,Tizimín,Ingeniería,Lic. en Diseño De Modas,Matutino,2024-B
2019,UVA20196275,F,Mexicana,Cancún,2005-02-16,Reinscrito,NA,Prepa Abierta,Kanasín,Ingeniería,Lic. en Gastronomía,Vespertino,Agosto-Diciembre
2019,UVA20199333,M,Mexicana,Mérida,1997-10-26,Repetidor,Centro,Prepa Abierta,Kanasín,Licenciatura,Lic. en Psicología,Vespertino,2023-A
2019,UVA20198412,M,NA,Tizimín,2000-07-02,Repetidor,Chuburná,Conalep Mérida,NA,Licenciatura,Ing. Civil,Matutino,Agosto-Diciembre
2019,UVA20192714,M,Mexicana,NA,2001-08-16,Equivalencia,Centro,Cbtis 95,Tizimín,Ingeniería,Lic. en Fisioterapia,Matutino,Enero-Junio
2019,UVA20196487,M,NA,Tizimín,2003-02-04,Repetidor,Itzimná,Conalep Mérida,Umán,Ingeniería,Lic. en Admin. De Empresas,Vespertino,2023-A
2019,UVA20197346,NA,NA,Tizimín,1997-03-14,Reinscrito,Centro,Conalep Mérida,"Mérida, Yucatán",Ingeniería,Lic. en Psicología,Vespertino,Enero-Junio
2019,UVA20199538,M,Mexicana,NA,1996-07-15,Nuevo,Itzimná,Preparatoria Estatal No. 1,"Mérida, Yucatán",Licenciatura,Lic. en Diseño De Modas,Vespertino,2023-A
2019,UVA20192585,F,NA,Cancún,2000-04-22,Nuevo,Centro,Preparatoria Estatal No. 1,"Mérida, Yucatán",Licenciatura,Lic. en Psicología,Matutino,Agosto-Diciembre
2019,UVA20195548,F,NA,Valladolid,2004-11-14,Nuevo,NA,Preparatoria Estatal No. 1,Tizimín,Ingeniería,Lic. en Odontología,Vespertino,Agosto-Diciembre
2019,UVA20198126,M,NA,Mérida,2001-05-17,Equivalencia,Centro,Cbtis 95,Kanasín,Licenciatura,Lic. en Admin. De Empresas,Vespertino,2024-B
2019,UVA20199762,M,NA,Tizimín,2004-07-31,Nuevo,Centro,Cbtis 95,Umán,Licenciatura,Lic. en Odontología,Matutino,Enero-Junio
2019,UVA20199232,F,Mexicana,NA,1997-04-30,Nuevo,Chuburná,NA,Umán,Licenciatura,Lic. en Admin. De Empresas,Vespertino,2024-B
2019,UVA20197126,F,NA,Valladolid,1996-03-25,Repetidor,Chuburná,NA,Kanasín,Ingeniería,Lic. en Psicología,Vespertino,Enero-Junio
2019,UVA20199953,M,Mexicana,Tizimín,1997-11-24,Equivalencia,Itzimná,Cbtis 95,"Mérida, Yucatán",Ingeniería,Lic. en Diseño De Modas,Vespertino,2024-B
2019,UVA20197329,NA,Mexicana,Tizimín,2001-10-14,Repetidor,Centro,NA,Tizimín,Licenciatura,Lic. en Enfermería,Vespertino,2024-B
2019,UVA20195387,F,Mexicana,Tizimín,1997-04-05,Nuevo,Chuburná,Conalep Mérida,Kanasín,Ingeniería,Lic. en Arquitectura,Vespertino,Enero-Junio
2019,UVA20196500,M,NA,NA,2000-04-15,Repetidor,Itzimná,Prepa Abierta,Umán,Licenciatura,Lic. en Odontología,Matutino,Agosto-Diciembre
2019,UVA20197140,F,Mexicana,Tizimín,2002-02-01,Repetidor,Centro,Preparatoria Estatal No. 1,NA,Licenciatura,Lic. en Enfermería,Vespertino,Agosto-Diciembre
2019,UVA20195639,M,Mexicana,Valladolid,1995-02-12,Repetidor,Itzimná,Cbtis 95,NA,Licenciatura,Ing. en Procesos De Manufactura,Matutino,2024-B
2019,UVA20193439,M,Mexicana,Tizimín,2004-08-16,Nuevo,Centro,NA,Kanasín,Ingeniería,Lic. en Admin. De Empresas,Matutino,2023-A
2019,UVA20197426,NA,Mexicana,Cancún,1995-01-12,Equivalencia,Centro,Prepa Abierta,"Mérida, Yucatán",Ingeniería,Lic. en Psicología,Matutino,Agosto-Diciembre
